11111212,11111222,11112212,11121112,11121211,11121212,11121221,11121222,11122112,11122211,11122212,11122222,11211212,11212212,11221211,11221212,11222211,12111112,12111211,12111212,12111221,12111222,12112111,12112112,12112122,12112211,12112212,12112221,12112222,12121111,12121112,12121211,12121212,12121221,12121222,12122111,12122112,12122211,12122212,12122222,12211112,12211211,12211212,12211222,12212212,12221112,12221211,12221212,12221221,12221222,12222211,12222212,21111112,21111211,21111212,21112212,21121111,21121112,21121211,21121212,22111211,22111212,22111222,22112112,22112212,22121111,22121112,22121211,22121212,22121222,22122111,22122211,22211211,22221211,22221212,22221222,model
30,0,0,0,36,324,0,0,0,1,0,0,0,0,0,0,0,10,0,144,0,0,0,0,0,0,0,0,0,11,196,150,86,1,0,1,0,4,0,0,1,0,0,0,0,3,0,1,0,0,1,0,0,0,0,0,0,0,0,0,0,0,0,0,0,0,0,0,0,0,0,0,0,0,0,0,ZigZag_agent_DiscreteDBN_m0
12,0,0,0,24,244,0,4,0,1,0,0,0,0,0,0,0,13,0,155,0,1,0,0,0,0,0,0,0,26,256,155,101,1,1,0,0,0,0,0,1,0,0,0,0,3,0,1,0,0,1,0,0,0,0,0,0,0,0,0,0,0,0,0,0,0,0,0,0,0,0,0,0,0,0,0,ZigZag_expert_DiscreteDBN_m0
0,0,0,0,0,197,0,0,0,427,0,0,0,0,0,0,0,0,0,0,0,0,0,0,0,0,0,0,0,0,0,0,0,0,0,0,0,0,0,0,0,0,0,0,0,97,0,99,0,0,180,0,0,0,0,0,0,0,0,0,0,0,0,0,0,0,0,0,0,0,0,0,0,0,0,0,FixedSequence_agent_DiscreteDBN_m0
0,0,0,0,0,101,0,0,0,103,0,0,0,0,0,0,0,0,0,199,0,0,0,0,0,0,0,0,0,0,0,0,0,0,0,0,0,198,0,0,0,0,0,0,0,0,0,200,0,0,199,0,0,0,0,0,0,0,0,0,0,0,0,0,0,0,0,0,0,0,0,0,0,0,0,0,FixedSequence_expert_DiscreteDBN_m0
3,0,0,0,11,179,0,0,0,7,0,0,0,0,0,0,0,24,0,188,0,0,0,0,0,0,0,0,0,25,174,241,89,0,0,1,0,4,0,0,1,0,0,0,0,46,0,7,0,0,0,0,0,0,0,0,0,0,0,0,0,0,0,0,0,0,0,0,0,0,0,0,0,0,0,0,SmartRandom_agent_DiscreteDBN_m0
4,0,0,0,12,215,0,0,0,1,0,0,0,0,0,0,0,16,0,164,0,0,0,0,0,0,0,0,0,22,231,206,119,0,0,1,0,3,0,0,1,0,0,0,0,3,0,1,0,0,1,0,0,0,0,0,0,0,0,0,0,0,0,0,0,0,0,0,0,0,0,0,0,0,0,0,SmartRandom_expert_DiscreteDBN_m0
36,0,0,0,35,180,0,0,36,5,0,0,0,0,0,0,0,36,0,179,36,1,0,0,0,0,0,0,0,34,175,175,0,0,0,0,0,0,0,0,0,0,0,0,0,0,35,0,0,0,0,0,0,0,0,0,1,0,0,0,0,0,0,0,0,0,36,0,0,0,0,0,0,0,0,0,WallFollower_agent_DiscreteDBN_m0
36,0,0,0,35,180,0,0,36,1,0,0,0,0,0,0,0,36,0,179,36,1,0,0,0,0,0,0,0,34,179,175,0,0,0,0,0,0,0,0,0,0,0,0,0,0,35,0,0,0,0,0,0,0,0,0,1,0,0,0,0,0,0,0,0,0,36,0,0,0,0,0,0,0,0,0,WallFollower_expert_DiscreteDBN_m0
34,0,0,0,39,312,0,0,2,1,0,0,0,0,0,0,0,4,0,166,0,0,0,0,0,0,0,0,0,14,141,190,69,2,0,2,0,5,0,0,3,0,0,0,0,6,4,4,0,0,2,0,0,0,0,0,0,0,0,0,0,0,0,0,0,0,0,0,0,0,0,0,0,0,0,0,Random_agent_DiscreteDBN_m0
31,0,0,0,43,134,0,0,0,2,0,0,0,0,0,0,0,5,0,249,0,0,0,0,0,0,0,0,0,33,131,266,51,0,0,1,0,6,0,0,7,0,0,0,0,29,4,7,0,0,1,0,0,0,0,0,0,0,0,0,0,0,0,0,0,0,0,0,0,0,0,0,0,0,0,0,Random_expert_DiscreteDBN_m0
35,0,0,0,36,198,0,0,0,2,0,0,0,0,0,0,0,33,0,220,0,0,0,0,0,0,0,0,0,35,201,223,6,0,0,1,0,3,0,0,0,0,0,0,0,0,0,0,0,0,1,0,0,0,0,0,0,0,1,0,0,0,0,0,0,0,1,3,1,0,0,0,0,0,0,0,SmartStraightLine_agent_DiscreteDBN_m0
40,0,0,0,41,264,0,0,0,1,0,0,0,0,0,0,0,29,0,216,0,0,0,0,0,0,0,0,0,31,137,229,1,0,0,1,0,3,0,0,0,0,0,0,0,0,0,0,0,0,1,0,0,0,0,0,0,0,1,0,0,0,0,0,0,0,1,3,1,0,0,0,0,0,0,0,SmartStraightLine_expert_DiscreteDBN_m0
125,0,0,0,0,51,0,0,0,1,0,0,0,0,0,0,0,598,0,83,0,0,0,0,0,0,0,0,0,3,39,62,27,0,0,1,0,3,0,0,1,0,0,0,0,3,1,1,0,0,1,0,0,0,0,0,0,0,0,0,0,0,0,0,0,0,0,0,0,0,0,0,0,0,0,0,SmartRandomExplorer_agent_DiscreteDBN_m0
8,0,0,0,39,180,0,0,0,1,0,0,0,0,0,0,0,7,0,162,0,0,0,0,0,0,0,0,0,25,224,230,113,0,0,1,0,3,0,0,1,0,0,0,0,3,1,1,0,0,1,0,0,0,0,0,0,0,0,0,0,0,0,0,0,0,0,0,0,0,0,0,0,0,0,0,SmartRandomExplorer_expert_DiscreteDBN_m0
11,0,0,0,16,160,0,0,0,0,0,0,0,0,0,0,0,2,0,102,0,0,0,0,0,0,0,0,0,0,78,75,479,0,0,0,0,0,0,0,0,0,0,0,0,0,0,0,0,0,0,0,0,0,0,0,0,0,7,0,0,0,0,0,0,2,1,27,40,0,0,0,0,0,0,0,ZigZag_agent_DiscreteDBN_m1
8,0,0,0,4,95,0,4,0,0,0,0,0,0,0,0,0,10,0,107,0,1,0,0,0,0,0,0,0,4,106,95,529,1,2,0,0,0,0,0,1,0,0,0,0,3,1,1,0,0,0,0,0,0,0,0,0,0,2,0,0,0,0,0,0,1,2,10,12,1,0,0,0,0,0,0,ZigZag_expert_DiscreteDBN_m1
0,0,0,0,246,114,0,4,1,0,0,0,0,0,0,0,0,0,0,60,0,2,0,0,0,0,0,0,0,0,93,149,73,0,4,0,0,0,0,0,0,0,0,0,0,44,158,41,0,0,0,0,0,0,0,0,0,0,1,0,0,0,0,0,0,0,0,0,7,3,0,0,0,0,0,0,FixedSequence_agent_DiscreteDBN_m1
0,0,0,0,0,0,0,0,0,0,0,0,0,0,0,0,0,0,0,0,0,0,0,0,0,0,0,0,0,0,0,0,600,0,400,0,0,0,0,0,0,0,0,0,0,0,0,0,0,0,0,0,0,0,0,0,0,0,0,0,0,0,0,0,0,0,0,0,0,0,0,0,0,0,0,0,FixedSequence_expert_DiscreteDBN_m1
6,0,0,0,1,44,0,0,0,1,0,0,0,0,0,0,0,2,0,113,0,0,0,0,0,0,0,0,0,1,78,154,585,0,2,1,0,4,0,0,0,0,0,0,0,0,0,0,0,0,0,0,0,0,0,0,0,0,1,0,0,0,0,0,0,0,0,3,1,3,0,0,0,0,0,0,SmartRandom_agent_DiscreteDBN_m1
3,0,0,0,14,108,0,4,0,0,0,0,0,0,0,0,0,3,0,131,0,0,0,0,0,0,0,0,0,12,98,104,515,1,2,0,0,0,0,0,0,0,0,0,0,0,0,0,0,0,0,0,0,0,0,0,0,0,1,0,0,0,0,0,0,0,0,3,0,1,0,0,0,0,0,0,SmartRandom_expert_DiscreteDBN_m1
22,0,0,0,23,155,0,0,22,0,0,0,0,0,0,0,0,23,0,248,0,22,0,0,0,0,0,0,0,22,161,247,2,0,0,0,0,0,0,0,0,0,0,0,0,0,23,0,0,0,0,0,0,0,0,0,0,0,1,0,0,0,0,0,0,1,23,5,0,0,0,0,0,0,0,0,WallFollower_agent_DiscreteDBN_m1
22,0,0,0,23,155,0,0,22,0,0,0,0,0,0,0,0,23,0,248,0,22,0,0,0,0,0,0,0,22,161,247,2,0,0,0,0,0,0,0,0,0,0,0,0,0,23,0,0,0,0,0,0,0,0,0,0,0,1,0,0,0,0,0,0,1,23,5,0,0,0,0,0,0,0,0,WallFollower_expert_DiscreteDBN_m1
4,0,0,0,0,83,0,10,0,0,0,0,0,0,0,0,0,19,0,161,0,0,0,0,0,0,0,0,0,0,79,49,526,1,8,0,0,0,0,0,0,0,0,0,0,0,0,0,0,0,0,0,0,0,0,0,0,0,40,0,0,0,0,0,0,4,0,10,3,3,0,0,0,0,0,0,Random_agent_DiscreteDBN_m1
19,0,0,0,0,62,0,63,0,0,0,0,0,0,0,0,0,0,0,116,0,16,0,0,0,0,0,0,0,0,51,43,479,10,69,3,0,2,0,0,0,0,0,0,0,0,0,0,0,0,0,0,0,0,0,0,0,0,9,0,0,0,0,0,0,0,0,42,9,7,0,0,0,0,0,0,Random_expert_DiscreteDBN_m1
21,0,0,0,24,214,0,4,0,0,0,0,0,0,0,0,0,19,0,184,0,0,0,0,0,0,0,0,0,24,187,287,15,1,0,0,0,0,0,0,0,0,0,0,0,0,0,0,0,0,0,0,0,0,0,0,0,0,1,0,0,0,0,0,0,0,2,3,13,1,0,0,0,0,0,0,SmartStraightLine_agent_DiscreteDBN_m1
25,0,0,0,25,243,0,4,0,0,0,0,0,0,0,0,0,18,0,235,0,1,0,0,0,0,0,0,0,20,136,270,13,1,3,0,0,0,0,0,0,0,0,0,0,0,0,0,0,0,0,0,0,0,0,0,0,0,1,0,0,0,0,0,0,0,0,3,1,1,0,0,0,0,0,0,SmartStraightLine_expert_DiscreteDBN_m1
1,0,0,0,0,871,0,4,0,0,0,0,0,0,0,0,0,0,0,4,0,0,0,0,0,0,0,0,0,2,19,11,70,1,4,0,0,0,0,0,0,0,0,0,0,0,0,0,0,0,0,0,0,0,0,0,0,0,1,0,0,0,0,0,0,0,0,3,6,3,0,0,0,0,0,0,SmartRandomExplorer_agent_DiscreteDBN_m1
18,0,0,0,26,155,0,0,0,0,0,0,0,0,0,0,0,9,0,177,0,0,0,0,0,0,0,0,0,1,72,172,359,0,0,1,0,4,0,0,0,0,0,0,0,0,0,0,0,0,0,0,0,0,0,0,0,0,1,0,0,0,0,0,0,0,0,3,1,1,0,0,0,0,0,0,SmartRandomExplorer_expert_DiscreteDBN_m1
15,0,0,0,19,281,0,0,0,2,0,0,0,0,0,0,0,12,165,63,0,0,1,0,0,3,0,0,0,17,229,62,124,0,0,0,0,1,0,0,1,0,0,0,0,2,0,2,0,0,1,0,0,0,0,0,0,0,0,0,0,0,0,0,0,0,0,0,0,0,0,0,0,0,0,0,ZigZag_agent_DiscreteDBN_m2
14,0,0,0,28,281,1,3,0,1,0,0,0,0,0,0,0,14,116,57,0,1,0,0,0,0,0,0,0,28,281,56,111,0,2,0,0,0,0,0,1,0,0,0,0,2,0,2,0,0,1,0,0,0,0,0,0,0,0,0,0,0,0,0,0,0,0,0,0,0,0,0,0,0,0,0,ZigZag_expert_DiscreteDBN_m2
0,0,0,0,0,259,0,0,0,269,0,0,0,0,0,0,0,0,0,0,0,0,0,0,0,0,0,0,0,0,0,0,0,0,0,0,0,0,0,0,4,0,0,0,0,319,0,41,0,0,108,0,0,0,0,0,0,0,0,0,0,0,0,0,0,0,0,0,0,0,0,0,0,0,0,0,FixedSequence_agent_DiscreteDBN_m2
0,0,0,0,0,204,0,0,0,0,0,0,0,0,0,0,0,0,0,199,0,0,0,0,0,0,0,0,0,0,0,198,0,0,0,0,0,0,0,0,0,0,0,0,0,0,0,399,0,0,0,0,0,0,0,0,0,0,0,0,0,0,0,0,0,0,0,0,0,0,0,0,0,0,0,0,FixedSequence_expert_DiscreteDBN_m2
5,0,0,0,2,154,1,1,0,0,0,0,0,0,0,0,0,28,107,134,0,0,0,0,0,0,0,0,0,30,231,160,143,0,1,0,0,0,0,0,1,0,0,0,0,0,0,2,0,0,0,0,0,0,0,0,0,0,0,0,0,0,0,0,0,0,0,0,0,0,0,0,0,0,0,0,SmartRandom_agent_DiscreteDBN_m2
14,0,0,0,5,190,1,1,0,0,0,0,0,0,0,0,0,8,166,172,0,0,0,0,0,0,0,0,0,5,205,126,104,0,2,0,0,0,0,0,1,0,0,0,0,0,0,0,0,0,0,0,0,0,0,0,0,0,0,0,0,0,0,0,0,0,0,0,0,0,0,0,0,0,0,0,SmartRandom_expert_DiscreteDBN_m2
1,0,0,0,0,3,0,0,1,0,0,0,0,0,0,0,0,1,494,0,1,1,0,0,0,0,0,0,0,0,6,491,0,0,0,0,0,0,0,0,0,0,0,0,0,0,0,0,0,0,0,0,0,0,0,0,1,0,0,0,0,0,0,0,0,0,0,0,0,0,0,0,0,0,0,0,WallFollower_agent_DiscreteDBN_m2
1,0,0,0,0,3,0,0,1,0,0,0,0,0,0,0,0,1,494,0,1,1,0,0,0,0,0,0,0,0,6,491,0,0,0,0,0,0,0,0,0,0,0,0,0,0,0,0,0,0,0,0,0,0,0,0,1,0,0,0,0,0,0,0,0,0,0,0,0,0,0,0,0,0,0,0,WallFollower_expert_DiscreteDBN_m2
20,0,0,0,21,222,1,14,2,0,0,0,0,0,0,0,0,6,143,103,0,13,0,0,0,0,0,0,0,10,217,133,80,0,3,0,0,0,0,0,0,0,0,0,0,4,0,8,0,0,0,0,0,0,0,0,0,0,0,0,0,0,0,0,0,0,0,0,0,0,0,0,0,0,0,0,Random_agent_DiscreteDBN_m2
0,0,0,0,12,115,3,20,0,0,0,0,0,0,0,0,0,37,89,182,0,0,0,0,0,0,0,0,0,10,117,205,48,0,14,0,0,0,0,0,0,0,0,0,0,68,26,48,0,0,0,0,0,0,0,0,6,0,0,0,0,0,0,0,0,0,0,0,0,0,0,0,0,0,0,0,Random_expert_DiscreteDBN_m2
30,0,0,0,33,185,0,0,3,1,0,0,0,0,0,0,0,35,268,57,0,0,1,0,0,3,0,0,0,41,256,78,2,0,0,0,0,0,0,0,1,0,0,0,0,2,1,2,0,0,1,0,0,0,0,0,0,0,0,0,0,0,0,0,0,0,0,0,0,0,0,0,0,0,0,0,SmartStraightLine_agent_DiscreteDBN_m2
33,0,0,0,32,146,1,3,0,0,0,0,0,0,0,0,0,38,328,83,0,1,0,0,0,0,0,0,0,38,211,81,0,0,2,0,0,0,0,0,1,0,0,0,0,0,0,2,0,0,0,0,0,0,0,0,0,0,0,0,0,0,0,0,0,0,0,0,0,0,0,0,0,0,0,0,SmartStraightLine_expert_DiscreteDBN_m2
0,0,0,0,0,1000,0,0,0,0,0,0,0,0,0,0,0,0,0,0,0,0,0,0,0,0,0,0,0,0,0,0,0,0,0,0,0,0,0,0,0,0,0,0,0,0,0,0,0,0,0,0,0,0,0,0,0,0,0,0,0,0,0,0,0,0,0,0,0,0,0,0,0,0,0,0,SmartRandomExplorer_agent_DiscreteDBN_m2
9,0,0,0,34,212,0,0,0,0,0,0,0,0,0,0,0,11,144,98,0,0,1,0,0,3,0,0,0,18,192,162,112,0,0,0,0,1,0,0,1,0,0,0,0,0,0,2,0,0,0,0,0,0,0,0,0,0,0,0,0,0,0,0,0,0,0,0,0,0,0,0,0,0,0,0,SmartRandomExplorer_expert_DiscreteDBN_m2
25,0,10,213,23,109,0,0,0,1,12,0,0,0,0,0,0,22,88,28,0,0,10,0,0,46,10,0,0,31,258,56,21,0,0,0,0,5,21,0,1,0,0,0,0,2,0,1,0,0,1,1,5,0,0,0,0,0,0,0,0,0,0,0,0,0,0,0,0,0,0,0,0,0,0,0,ZigZag_agent_DiscreteDBN_m3
1,0,1,196,49,101,0,0,1,0,1,0,0,0,0,0,0,97,0,98,0,0,1,0,0,3,0,1,0,49,396,1,1,0,0,0,0,1,1,0,0,0,0,0,0,0,0,0,0,0,0,0,1,0,0,0,0,0,0,0,0,0,0,0,0,0,0,0,0,0,0,0,0,0,0,0,ZigZag_expert_DiscreteDBN_m3
2,11,118,6,3,188,3,0,1,0,135,0,0,0,0,0,0,2,91,2,0,0,2,0,0,87,55,0,0,1,163,10,49,0,0,0,0,0,49,0,6,0,0,0,0,0,0,3,0,0,0,3,0,0,0,0,10,0,0,0,0,0,0,0,0,0,0,0,0,0,0,0,0,0,0,0,FixedSequence_agent_DiscreteDBN_m3
0,0,0,0,0,101,0,0,0,0,103,0,0,0,0,0,0,0,0,199,0,0,0,0,0,0,0,0,0,0,0,0,0,0,0,198,0,0,0,0,0,0,0,0,0,0,0,200,0,0,0,199,0,0,0,0,0,0,0,0,0,0,0,0,0,0,0,0,0,0,0,0,0,0,0,0,FixedSequence_expert_DiscreteDBN_m3
21,0,4,203,40,147,0,0,0,1,1,0,0,0,0,0,0,45,162,76,0,0,2,0,0,6,1,0,0,10,221,29,26,0,0,1,0,1,0,0,1,0,0,0,0,0,0,1,0,0,0,1,0,0,0,0,0,0,0,0,0,0,0,0,0,0,0,0,0,0,0,0,0,0,0,0,SmartRandom_agent_DiscreteDBN_m3
29,0,0,30,14,194,0,0,0,0,1,0,1,0,0,0,0,38,134,75,0,0,1,0,0,3,0,0,0,71,201,135,68,0,0,1,0,1,0,0,1,0,0,0,0,0,0,1,0,0,0,1,0,0,0,0,0,0,0,0,0,0,0,0,0,0,0,0,0,0,0,0,0,0,0,0,SmartRandom_expert_DiscreteDBN_m3
0,0,29,0,0,2,0,0,6,0,1,0,0,0,0,0,0,0,0,0,0,0,0,0,0,0,0,7,0,0,478,0,477,0,0,0,0,0,0,0,0,0,0,0,0,0,0,0,0,0,0,0,0,0,0,0,0,0,0,0,0,0,0,0,0,0,0,0,0,0,0,0,0,0,0,0,WallFollower_agent_DiscreteDBN_m3
0,0,1,493,0,2,0,0,1,0,1,0,0,0,0,0,0,1,0,1,0,0,1,0,0,3,0,1,0,0,495,0,0,0,0,0,0,0,0,0,0,0,0,0,0,0,0,0,0,0,0,0,0,0,0,0,0,0,0,0,0,0,0,0,0,0,0,0,0,0,0,0,0,0,0,0,WallFollower_expert_DiscreteDBN_m3
7,0,18,0,12,195,0,0,2,8,9,0,0,0,0,0,0,56,77,154,0,0,5,0,0,22,5,0,0,42,112,140,103,0,0,1,0,15,1,0,3,0,0,0,0,8,0,2,0,0,0,3,0,0,0,0,0,0,0,0,0,0,0,0,0,0,0,0,0,0,0,0,0,0,0,0,Random_agent_DiscreteDBN_m3
33,0,0,17,23,227,0,0,0,27,9,0,0,0,0,0,0,47,115,121,3,0,2,0,0,28,5,0,0,12,180,52,55,0,0,1,0,21,0,0,1,0,0,0,0,13,0,2,0,0,2,4,0,0,0,0,0,0,0,0,0,0,0,0,0,0,0,0,0,0,0,0,0,0,0,0,Random_expert_DiscreteDBN_m3
30,0,5,152,29,159,0,0,0,1,1,0,0,0,0,0,0,32,272,75,0,0,2,0,0,6,4,0,0,36,125,66,0,0,0,1,0,1,0,0,1,0,0,0,0,0,0,1,0,0,0,1,0,0,0,0,0,0,0,0,0,0,0,0,0,0,0,0,0,0,0,0,0,0,0,0,SmartStraightLine_agent_DiscreteDBN_m3
34,0,0,62,36,186,0,0,0,0,1,0,0,0,0,0,0,35,313,76,0,0,1,0,0,3,1,0,0,36,125,85,0,0,0,1,0,0,0,0,1,0,0,0,0,0,0,2,0,0,0,1,0,0,0,0,1,0,0,0,0,0,0,0,0,0,0,0,0,0,0,0,0,0,0,0,SmartStraightLine_expert_DiscreteDBN_m3
648,0,10,13,0,80,0,0,0,1,1,0,0,0,0,0,0,16,4,60,0,0,2,0,0,6,1,0,0,15,64,31,43,0,0,1,0,1,0,0,1,0,0,0,0,0,0,1,0,0,0,1,0,0,0,0,0,0,0,0,0,0,0,0,0,0,0,0,0,0,0,0,0,0,0,0,SmartRandomExplorer_agent_DiscreteDBN_m3
32,0,0,23,48,193,0,0,0,1,1,0,1,0,1,0,0,49,178,102,0,0,1,0,0,3,0,0,0,42,145,116,58,0,0,1,0,1,0,0,1,0,0,0,0,0,0,2,0,0,0,1,0,0,0,0,0,0,0,0,0,0,0,0,0,0,0,0,0,0,0,0,0,0,0,0,SmartRandomExplorer_expert_DiscreteDBN_m3
14,0,0,0,15,244,0,0,0,2,19,0,0,0,0,0,0,25,109,65,0,0,1,0,0,3,0,0,0,28,248,63,64,0,0,0,0,1,26,0,1,0,0,0,0,2,0,1,0,0,1,1,0,0,0,0,0,0,0,0,0,0,0,0,0,0,29,0,38,0,0,0,0,0,0,0,ZigZag_agent_DiscreteDBN_m4
29,0,0,0,14,258,0,0,1,1,30,0,0,0,0,0,0,28,109,56,1,0,1,0,0,3,0,0,0,14,256,56,57,0,0,0,0,1,29,0,0,0,0,0,0,0,0,0,0,0,0,0,0,0,0,0,0,0,0,0,0,0,0,0,0,0,28,0,28,0,0,0,0,0,0,0,ZigZag_expert_DiscreteDBN_m4
9,0,0,0,1,236,1,0,1,0,45,0,0,0,0,0,0,21,219,28,0,1,0,0,0,0,0,0,0,39,218,37,55,0,1,0,0,0,15,0,2,0,0,0,0,0,0,1,0,0,0,1,0,0,0,0,3,0,7,0,0,0,0,0,0,0,20,8,31,0,0,0,0,0,0,0,FixedSequence_agent_DiscreteDBN_m4
0,0,0,0,0,101,0,0,0,0,103,0,0,0,0,0,0,0,0,199,0,0,0,0,0,0,0,0,0,0,0,0,0,0,0,198,0,0,0,0,0,0,0,0,0,0,0,200,0,0,0,199,0,0,0,0,0,0,0,0,0,0,0,0,0,0,0,0,0,0,0,0,0,0,0,0,FixedSequence_expert_DiscreteDBN_m4
17,0,0,0,2,214,1,1,0,0,1,0,0,0,0,0,0,11,66,157,0,0,0,0,0,0,0,0,0,12,211,171,130,0,1,1,0,0,0,0,1,0,0,0,0,0,0,2,0,0,0,1,0,0,0,0,0,0,0,0,0,0,0,0,0,0,0,0,0,0,0,0,0,0,0,0,SmartRandom_agent_DiscreteDBN_m4
7,0,0,0,8,211,1,1,0,0,1,0,0,0,0,0,0,7,113,121,1,0,0,0,0,0,0,0,0,18,210,153,144,0,2,1,0,0,0,0,0,0,0,0,0,0,0,0,0,0,0,1,0,0,0,0,0,0,0,0,0,0,0,0,0,0,0,0,0,0,0,0,0,0,0,0,SmartRandom_expert_DiscreteDBN_m4
1,0,0,0,0,2,0,0,1,0,1,0,0,0,0,0,0,1,494,0,1,1,0,0,0,0,0,0,0,0,5,491,0,0,0,0,0,0,0,0,0,0,0,0,0,0,0,0,0,0,0,0,0,0,0,0,1,0,0,0,0,0,0,0,0,0,1,0,0,0,0,0,0,0,0,0,WallFollower_agent_DiscreteDBN_m4
1,0,0,0,0,2,0,0,1,0,1,0,0,0,0,0,0,1,494,0,1,1,0,0,0,0,0,0,0,0,5,491,0,0,0,0,0,0,0,0,0,0,0,0,0,0,0,0,0,0,0,0,0,0,0,0,1,0,0,0,0,0,0,0,0,0,1,0,0,0,0,0,0,0,0,0,WallFollower_expert_DiscreteDBN_m4
41,0,0,0,12,221,1,15,0,0,4,0,0,0,0,0,0,10,162,86,0,0,0,0,0,0,0,0,0,41,292,48,48,0,7,4,0,0,4,0,3,0,0,0,0,0,0,1,0,0,0,0,0,0,0,0,0,0,0,0,0,0,0,0,0,0,0,0,0,0,0,0,0,0,0,0,Random_agent_DiscreteDBN_m4
14,0,0,0,24,250,1,10,0,6,1,0,0,0,0,0,0,22,45,82,0,3,0,0,0,0,0,0,0,54,254,120,64,0,2,1,0,0,0,0,1,0,0,0,0,18,0,21,0,0,6,1,0,0,0,0,0,0,0,0,0,0,0,0,0,0,0,0,0,0,0,0,0,0,0,0,Random_expert_DiscreteDBN_m4
33,0,0,0,30,144,1,1,0,0,1,0,0,0,0,0,0,40,319,86,0,0,0,0,0,0,0,0,0,37,223,76,0,0,1,1,0,0,0,0,1,0,0,0,0,2,1,2,0,0,0,1,0,0,0,0,0,0,0,0,0,0,0,0,0,0,0,0,0,0,0,0,0,0,0,0,SmartStraightLine_agent_DiscreteDBN_m4
34,0,0,0,37,222,1,1,0,0,1,0,0,0,0,0,0,33,275,62,0,0,0,0,0,0,0,0,0,36,211,78,0,0,1,1,0,0,0,0,1,0,0,0,0,2,1,2,0,0,0,1,0,0,0,0,0,0,0,0,0,0,0,0,0,0,0,0,0,0,0,0,0,0,0,0,SmartStraightLine_expert_DiscreteDBN_m4
385,0,0,0,6,80,0,0,0,1,1,0,0,0,0,0,0,195,104,45,0,0,1,0,0,3,0,0,0,9,82,51,32,0,0,1,0,1,0,0,1,0,0,0,0,0,0,1,0,0,0,1,0,0,0,0,0,0,0,0,0,0,0,0,0,0,0,0,0,0,0,0,0,0,0,0,SmartRandomExplorer_agent_DiscreteDBN_m4
7,0,0,0,27,198,1,1,0,0,1,0,0,0,0,0,0,13,142,121,0,0,0,0,0,0,0,0,0,16,212,170,86,0,1,1,0,0,0,0,1,0,0,0,0,0,0,1,0,0,0,1,0,0,0,0,0,0,0,0,0,0,0,0,0,0,0,0,0,0,0,0,0,0,0,0,SmartRandomExplorer_expert_DiscreteDBN_m4
22,0,0,0,22,278,0,0,0,1,81,0,0,0,0,0,2,0,0,37,3,0,0,0,0,0,29,0,0,0,74,47,279,0,0,2,0,4,105,0,1,0,0,0,2,2,1,3,0,0,1,0,0,0,0,0,0,3,1,0,0,0,0,0,0,0,0,0,0,0,0,0,0,0,0,0,ZigZag_agent_DiscreteDBN_m5
2,0,0,0,0,73,0,0,0,0,0,0,2,0,0,6,1,2,0,42,1,0,0,1,0,0,15,0,0,4,128,57,590,0,0,1,1,3,23,0,0,0,1,0,0,0,2,19,0,0,0,2,0,0,0,0,0,0,0,0,0,0,0,0,0,0,8,0,16,0,0,0,0,0,0,0,ZigZag_expert_DiscreteDBN_m5
0,0,0,0,0,53,0,0,0,1,32,0,8,0,0,162,334,0,0,16,6,0,0,0,0,0,2,0,0,19,103,8,49,0,0,0,0,8,23,0,0,0,0,0,0,34,0,32,0,0,110,0,0,0,0,0,0,0,0,0,0,0,0,0,0,0,0,0,0,0,0,0,0,0,0,0,FixedSequence_agent_DiscreteDBN_m5
0,0,0,0,0,0,0,0,0,0,0,0,0,0,0,101,103,0,0,199,0,0,0,0,0,0,0,0,0,0,0,0,0,0,0,0,0,198,0,0,0,0,0,0,0,0,0,200,0,0,199,0,0,0,0,0,0,0,0,0,0,0,0,0,0,0,0,0,0,0,0,0,0,0,0,0,FixedSequence_expert_DiscreteDBN_m5
0,0,0,0,0,80,0,0,0,0,3,0,3,0,0,20,2,23,0,102,0,0,0,6,0,0,23,0,0,0,139,90,414,0,0,1,1,3,27,0,0,0,0,0,0,12,0,11,0,0,0,3,0,0,0,0,0,0,1,7,0,0,0,0,0,0,1,11,16,0,0,0,0,0,1,0,SmartRandom_agent_DiscreteDBN_m5
1,0,0,0,0,54,0,0,0,0,0,0,1,0,0,3,1,0,0,131,0,0,0,0,0,0,3,0,0,0,53,130,564,1,6,1,1,2,12,0,0,0,1,0,0,0,0,20,0,0,1,1,0,0,0,0,0,0,1,0,0,0,0,0,0,0,0,11,1,0,0,0,0,0,0,0,SmartRandom_expert_DiscreteDBN_m5
2,0,0,0,1,45,1,0,0,0,4,0,0,5,37,37,8,1,0,56,4,3,0,0,0,0,18,0,0,2,64,42,291,9,5,0,0,0,4,0,0,0,2,0,3,4,13,14,0,0,4,0,0,0,0,0,0,2,0,0,0,7,0,0,0,109,6,166,30,0,0,0,0,1,0,0,WallFollower_agent_DiscreteDBN_m5
9,0,0,0,8,122,0,72,0,0,0,0,1,0,0,3,1,8,0,210,0,23,0,0,1,0,18,0,1,7,184,188,27,0,8,0,0,0,0,0,0,0,0,0,0,0,21,0,0,0,0,0,0,0,0,0,0,0,1,0,0,0,0,0,0,1,48,19,0,16,0,0,0,3,0,0,WallFollower_expert_DiscreteDBN_m5
0,0,0,0,7,111,0,0,0,0,14,0,0,0,0,9,3,0,0,42,1,0,0,0,2,0,155,0,4,0,142,70,370,0,6,3,0,1,22,0,3,0,1,6,1,1,0,6,0,6,2,0,0,0,0,0,0,0,0,0,0,0,0,0,0,0,0,0,12,0,0,0,0,0,0,0,Random_agent_DiscreteDBN_m5
4,0,0,0,24,132,0,0,0,0,19,0,0,0,0,5,15,0,0,112,2,0,0,2,0,0,35,0,0,0,76,252,169,0,0,0,1,5,81,0,4,0,0,0,0,7,10,32,0,0,11,2,0,0,0,0,0,0,0,0,0,0,0,0,0,0,0,0,0,0,0,0,0,0,0,0,Random_expert_DiscreteDBN_m5
4,0,0,0,3,58,0,0,0,0,0,0,1,0,0,36,8,5,0,145,0,0,0,0,0,0,0,0,0,4,211,113,138,1,7,1,0,3,138,0,1,0,2,0,0,15,16,40,0,0,0,24,0,0,0,0,0,0,1,1,0,0,0,0,0,0,0,11,11,0,0,0,0,0,2,0,SmartStraightLine_agent_DiscreteDBN_m5
9,0,0,0,7,76,0,0,0,0,0,0,0,0,0,0,1,9,0,276,0,0,0,0,0,0,0,0,0,6,235,197,113,1,7,1,1,2,9,0,1,0,1,0,0,2,2,17,0,0,1,1,0,0,0,0,0,0,1,1,0,0,0,0,0,0,0,11,11,0,0,0,0,0,1,0,SmartStraightLine_expert_DiscreteDBN_m5
202,0,0,0,1,59,0,0,0,0,0,0,0,0,0,0,1,0,0,42,0,0,0,0,0,0,0,0,0,1,469,28,189,0,0,1,0,2,0,0,1,0,0,0,0,2,0,1,0,0,1,0,0,0,0,0,0,0,0,0,0,0,0,0,0,0,0,0,0,0,0,0,0,0,0,0,SmartRandomExplorer_agent_DiscreteDBN_m5
16,0,0,0,36,189,0,0,0,0,1,0,0,0,0,0,1,0,0,128,0,0,0,0,0,0,3,0,0,1,76,150,348,0,0,1,1,2,14,0,1,0,1,0,0,2,0,15,0,0,1,1,0,0,0,0,0,0,0,1,0,0,0,0,0,0,0,0,10,0,0,0,0,0,1,0,SmartRandomExplorer_expert_DiscreteDBN_m5
0,0,0,0,0,57,0,0,0,0,0,0,0,0,0,0,0,0,21,120,0,0,0,0,0,0,0,0,0,0,60,134,540,0,0,0,0,0,0,0,0,0,4,0,0,0,2,6,0,0,0,0,0,2,2,0,0,0,0,0,27,25,0,0,0,0,0,0,0,0,0,0,0,0,0,0,ZigZag_agent_DiscreteDBN_m6
1,0,0,0,2,103,1,0,0,0,4,0,0,0,0,0,0,4,0,69,0,0,0,0,0,0,2,0,0,2,135,67,539,0,0,0,0,1,7,0,0,0,0,0,0,0,0,0,0,0,0,0,0,0,0,0,0,0,0,2,3,9,1,1,1,0,12,7,20,0,0,6,1,0,0,0,ZigZag_expert_DiscreteDBN_m6
26,0,0,0,6,178,2,0,0,0,5,0,0,0,0,0,0,9,0,202,0,2,0,0,0,0,0,0,0,0,42,181,186,0,5,0,0,1,2,0,0,0,0,0,0,0,0,0,0,0,0,0,0,1,0,0,0,0,0,0,68,0,0,0,0,0,1,75,4,0,4,0,0,0,0,0,FixedSequence_agent_DiscreteDBN_m6
0,0,0,0,0,0,0,0,0,0,0,0,0,0,0,0,0,0,0,0,0,0,0,0,0,0,0,0,0,0,0,500,500,0,0,0,0,0,0,0,0,0,0,0,0,0,0,0,0,0,0,0,0,0,0,0,0,0,0,0,0,0,0,0,0,0,0,0,0,0,0,0,0,0,0,0,FixedSequence_expert_DiscreteDBN_m6
0,0,0,0,0,72,1,0,0,0,0,0,0,0,0,0,0,0,32,69,0,1,0,3,0,1,2,0,0,0,67,115,610,0,0,0,0,0,0,0,0,0,0,0,0,0,0,0,0,0,0,0,0,0,0,4,0,0,0,0,7,16,0,0,0,0,0,0,0,0,0,0,0,0,0,0,SmartRandom_agent_DiscreteDBN_m6
0,0,0,0,3,112,0,0,0,0,0,0,0,0,0,0,0,0,35,95,0,0,0,0,0,0,0,0,0,0,73,107,565,0,0,0,0,0,0,0,0,0,1,0,0,0,0,0,0,0,0,0,0,1,1,0,0,0,0,0,2,5,0,0,0,0,0,0,0,0,0,0,0,0,0,0,SmartRandom_expert_DiscreteDBN_m6
8,0,0,0,9,238,0,0,0,0,18,0,0,0,0,0,0,8,0,224,0,8,0,0,0,0,0,0,0,8,200,239,0,0,0,0,0,0,0,0,0,0,0,0,0,0,8,0,0,0,0,0,0,0,0,0,0,0,0,0,0,0,0,0,0,0,32,0,0,0,0,0,0,0,0,0,WallFollower_agent_DiscreteDBN_m6
8,0,0,0,9,238,0,0,0,0,18,0,0,0,0,0,0,8,0,224,0,8,0,0,0,0,0,0,0,8,200,239,0,0,0,0,0,0,0,0,0,0,0,0,0,0,8,0,0,0,0,0,0,0,0,0,0,0,0,0,0,0,0,0,0,0,32,0,0,0,0,0,0,0,0,0,WallFollower_expert_DiscreteDBN_m6
0,0,0,0,0,27,3,0,0,0,0,0,0,0,0,0,0,0,49,93,0,2,0,1,0,3,1,0,0,0,43,128,618,0,0,0,0,0,0,0,0,0,1,0,0,0,0,20,0,0,0,0,0,0,0,3,0,0,0,0,0,7,0,0,1,0,0,0,0,0,0,0,0,0,0,0,Random_agent_DiscreteDBN_m6
0,0,0,0,0,214,0,0,0,0,0,0,0,0,0,0,0,0,0,26,0,0,0,0,0,1,1,0,0,0,201,46,430,0,0,0,0,0,0,0,0,0,0,0,0,0,4,2,0,0,0,0,0,0,0,2,0,0,0,2,2,11,0,2,0,0,12,0,44,0,0,0,0,0,0,0,Random_expert_DiscreteDBN_m6
4,0,0,0,8,118,0,0,0,0,2,0,0,0,0,0,0,6,11,129,0,0,1,2,0,5,8,0,0,9,289,265,34,0,0,0,0,0,4,0,0,0,1,0,0,0,1,3,0,0,0,0,0,12,0,0,0,0,0,0,48,15,0,0,0,0,3,11,9,0,0,0,2,0,0,0,SmartStraightLine_agent_DiscreteDBN_m6
4,0,0,0,9,123,1,0,0,0,2,0,0,0,0,0,0,7,12,157,0,1,1,1,0,8,4,0,0,11,254,378,14,0,0,3,0,5,4,0,0,1,0,0,0,0,0,0,0,0,0,0,0,0,0,0,0,0,0,0,0,0,0,0,0,0,0,0,0,0,0,0,0,0,0,0,SmartStraightLine_expert_DiscreteDBN_m6
0,0,0,0,0,34,0,0,0,0,0,0,0,0,0,0,0,0,0,36,0,0,0,0,0,0,0,0,0,4,57,157,597,0,0,0,0,0,0,0,0,0,1,0,0,0,1,3,0,0,0,0,0,0,0,0,0,0,0,0,53,57,0,0,0,0,0,0,0,0,0,0,0,0,0,0,SmartRandomExplorer_agent_DiscreteDBN_m6
0,0,0,0,9,109,0,0,0,0,0,0,0,0,0,0,0,0,50,80,0,0,0,0,0,0,0,0,0,1,49,100,592,0,0,0,0,0,0,0,0,0,1,0,0,0,0,2,0,0,0,0,0,1,1,0,0,0,0,0,2,3,0,0,0,0,0,0,0,0,0,0,0,0,0,0,SmartRandomExplorer_expert_DiscreteDBN_m6
1,0,0,0,0,6,0,0,0,2,0,0,0,0,0,0,0,0,0,491,0,0,0,0,0,0,0,0,0,0,0,0,1,0,0,245,0,248,0,0,1,0,0,0,0,3,0,1,0,0,1,0,0,0,0,0,0,0,0,0,0,0,0,0,0,0,0,0,0,0,0,0,0,0,0,0,ZigZag_agent_TB_m0
12,0,0,0,24,244,0,4,0,1,0,0,0,0,0,0,0,13,0,155,0,1,0,0,0,0,0,0,0,26,256,155,101,1,1,0,0,0,0,0,1,0,0,0,0,3,0,1,0,0,1,0,0,0,0,0,0,0,0,0,0,0,0,0,0,0,0,0,0,0,0,0,0,0,0,0,ZigZag_expert_TB_m0
0,0,0,0,0,0,0,0,0,1000,0,0,0,0,0,0,0,0,0,0,0,0,0,0,0,0,0,0,0,0,0,0,0,0,0,0,0,0,0,0,0,0,0,0,0,0,0,0,0,0,0,0,0,0,0,0,0,0,0,0,0,0,0,0,0,0,0,0,0,0,0,0,0,0,0,0,FixedSequence_agent_TB_m0
0,0,0,0,0,101,0,0,0,103,0,0,0,0,0,0,0,0,0,199,0,0,0,0,0,0,0,0,0,0,0,0,0,0,0,0,0,198,0,0,0,0,0,0,0,0,0,200,0,0,199,0,0,0,0,0,0,0,0,0,0,0,0,0,0,0,0,0,0,0,0,0,0,0,0,0,FixedSequence_expert_TB_m0
0,0,0,0,0,750,0,0,0,250,0,0,0,0,0,0,0,0,0,0,0,0,0,0,0,0,0,0,0,0,0,0,0,0,0,0,0,0,0,0,0,0,0,0,0,0,0,0,0,0,0,0,0,0,0,0,0,0,0,0,0,0,0,0,0,0,0,0,0,0,0,0,0,0,0,0,SmartRandom_agent_TB_m0
26,0,0,0,2,179,0,0,0,1,0,0,0,0,0,0,0,11,0,276,0,0,0,0,0,0,0,0,0,7,135,239,114,0,0,1,0,3,0,0,0,0,0,0,0,0,0,0,0,0,1,0,0,0,0,0,0,0,1,0,0,0,0,0,0,0,0,3,1,0,0,0,0,0,0,0,SmartRandom_expert_TB_m0
36,0,0,0,35,180,0,0,36,1,0,0,0,0,0,0,0,36,0,179,36,1,0,0,0,0,0,0,0,34,179,175,0,0,0,0,0,0,0,0,0,0,0,0,0,0,35,0,0,0,0,0,0,0,0,0,1,0,0,0,0,0,0,0,0,0,36,0,0,0,0,0,0,0,0,0,WallFollower_agent_TB_m0
36,0,0,0,35,180,0,0,36,1,0,0,0,0,0,0,0,36,0,179,36,1,0,0,0,0,0,0,0,34,179,175,0,0,0,0,0,0,0,0,0,0,0,0,0,0,35,0,0,0,0,0,0,0,0,0,1,0,0,0,0,0,0,0,0,0,36,0,0,0,0,0,0,0,0,0,WallFollower_expert_TB_m0
0,0,0,0,0,21,0,0,0,5,0,0,0,0,0,0,0,0,0,0,0,0,0,0,0,0,0,0,0,0,0,0,0,0,0,0,0,320,0,0,0,0,0,0,0,10,0,3,0,0,641,0,0,0,0,0,0,0,0,0,0,0,0,0,0,0,0,0,0,0,0,0,0,0,0,0,Random_agent_TB_m0
40,0,0,0,2,268,0,3,0,21,0,0,0,0,0,0,0,25,0,182,0,21,0,0,0,0,0,0,0,2,169,124,69,5,13,3,0,24,0,0,1,0,0,0,0,25,0,1,0,0,2,0,0,0,0,0,0,0,0,0,0,0,0,0,0,0,0,0,0,0,0,0,0,0,0,0,Random_expert_TB_m0
35,0,0,0,34,190,0,0,38,2,0,0,0,0,0,0,0,36,0,155,32,5,0,0,0,0,0,0,0,35,199,165,0,0,0,0,0,0,0,0,0,0,0,0,0,0,33,0,0,0,0,0,0,0,0,0,1,0,0,0,0,0,0,0,0,0,40,0,0,0,0,0,0,0,0,0,StraightLine_agent_TB_m0
42,0,0,0,36,200,0,0,39,1,0,0,0,0,0,0,0,35,0,225,45,0,0,0,0,0,0,0,0,29,125,161,0,0,0,1,0,3,0,0,0,0,0,0,0,0,32,0,0,0,1,0,0,0,0,0,0,0,0,0,0,0,0,0,0,0,25,0,0,0,0,0,0,0,0,0,StraightLine_expert_TB_m0
37,0,0,0,36,245,0,4,1,1,0,0,0,0,0,0,0,34,0,204,0,0,0,0,0,0,0,0,0,33,206,196,1,1,1,0,0,0,0,0,0,0,0,0,0,0,0,0,0,0,0,0,0,0,0,0,0,0,0,0,0,0,0,0,0,0,0,0,0,0,0,0,0,0,0,0,SmartStraightLine_agent_TB_m0
36,0,0,0,38,240,0,0,0,1,0,0,0,0,0,0,0,32,0,198,0,0,0,0,0,0,0,0,0,34,186,221,3,0,0,1,0,3,0,0,0,0,0,0,0,0,0,0,0,0,1,0,0,0,0,0,0,0,1,0,0,0,0,0,0,0,1,3,1,0,0,0,0,0,0,0,SmartStraightLine_expert_TB_m0
954,0,0,0,0,4,0,0,0,1,0,0,0,0,0,0,0,2,0,14,0,0,0,0,0,0,0,0,0,1,3,7,3,0,0,1,0,3,0,0,1,0,0,0,0,3,1,1,0,0,1,0,0,0,0,0,0,0,0,0,0,0,0,0,0,0,0,0,0,0,0,0,0,0,0,0,SmartRandomExplorer_agent_TB_m0
8,0,0,0,43,153,0,0,0,1,0,0,0,0,0,0,0,22,0,233,0,0,0,0,0,0,0,0,0,13,146,252,119,0,0,1,0,3,0,0,1,0,0,0,0,3,0,1,0,0,1,0,0,0,0,0,0,0,0,0,0,0,0,0,0,0,0,0,0,0,0,0,0,0,0,0,SmartRandomExplorer_expert_TB_m0
26,0,0,0,12,256,0,0,0,2,0,0,0,0,0,0,0,26,0,152,0,0,0,0,0,0,0,0,0,13,256,145,101,0,0,1,0,4,0,0,1,0,0,0,0,3,0,1,0,0,1,0,0,0,0,0,0,0,0,0,0,0,0,0,0,0,0,0,0,0,0,0,0,0,0,0,ZigZag_agent_NOrdered_m0
25,0,0,0,12,253,0,0,1,1,0,0,0,0,0,0,0,26,0,154,1,0,0,0,0,0,0,0,0,13,256,151,102,0,0,1,0,4,0,0,0,0,0,0,0,0,0,0,0,0,0,0,0,0,0,0,0,0,0,0,0,0,0,0,0,0,0,0,0,0,0,0,0,0,0,0,ZigZag_expert_NOrdered_m0
0,0,0,0,0,250,0,0,0,250,0,0,0,0,0,0,0,0,0,0,0,0,0,0,0,0,0,0,0,0,0,0,0,0,0,0,0,0,0,0,0,0,0,0,0,300,0,100,0,0,100,0,0,0,0,0,0,0,0,0,0,0,0,0,0,0,0,0,0,0,0,0,0,0,0,0,FixedSequence_agent_NOrdered_m0
0,0,0,0,0,101,0,0,0,103,0,0,0,0,0,0,0,0,0,199,0,0,0,0,0,0,0,0,0,0,0,0,0,0,0,0,0,198,0,0,0,0,0,0,0,0,0,200,0,0,199,0,0,0,0,0,0,0,0,0,0,0,0,0,0,0,0,0,0,0,0,0,0,0,0,0,FixedSequence_expert_NOrdered_m0
0,0,0,0,0,10,0,0,0,791,0,0,0,0,0,0,0,0,0,0,0,0,0,0,0,0,0,0,0,0,0,0,0,0,0,0,0,0,0,0,0,0,0,0,0,2,0,0,0,0,197,0,0,0,0,0,0,0,0,0,0,0,0,0,0,0,0,0,0,0,0,0,0,0,0,0,SmartRandom_agent_NOrdered_m0
24,0,0,0,5,211,0,0,0,1,0,0,0,0,0,0,0,20,0,235,0,0,0,0,0,0,0,0,0,2,230,152,109,0,0,1,0,3,0,0,1,0,0,0,0,3,1,1,0,0,1,0,0,0,0,0,0,0,0,0,0,0,0,0,0,0,0,0,0,0,0,0,0,0,0,0,SmartRandom_expert_NOrdered_m0
36,0,0,0,35,180,0,0,36,1,0,0,0,0,0,0,0,36,0,179,36,1,0,0,0,0,0,0,0,34,179,175,0,0,0,0,0,0,0,0,0,0,0,0,0,0,35,0,0,0,0,0,0,0,0,0,1,0,0,0,0,0,0,0,0,0,36,0,0,0,0,0,0,0,0,0,WallFollower_agent_NOrdered_m0
36,0,0,0,35,180,0,0,36,1,0,0,0,0,0,0,0,36,0,179,36,1,0,0,0,0,0,0,0,34,179,175,0,0,0,0,0,0,0,0,0,0,0,0,0,0,35,0,0,0,0,0,0,0,0,0,1,0,0,0,0,0,0,0,0,0,36,0,0,0,0,0,0,0,0,0,WallFollower_expert_NOrdered_m0
0,0,0,0,0,41,0,0,0,5,0,0,0,0,0,0,0,0,0,3,0,0,0,0,0,0,0,0,0,0,0,0,0,0,0,0,0,0,0,0,1,0,0,0,0,941,0,7,0,0,2,0,0,0,0,0,0,0,0,0,0,0,0,0,0,0,0,0,0,0,0,0,0,0,0,0,Random_agent_NOrdered_m0
4,0,0,0,31,118,0,0,0,4,0,0,0,0,0,0,0,8,0,246,1,0,0,0,0,0,0,0,0,43,121,235,80,0,0,8,0,19,0,0,0,0,0,0,0,2,0,11,0,0,14,0,0,0,0,0,0,0,4,0,0,0,0,0,0,0,3,36,12,0,0,0,0,0,0,0,Random_expert_NOrdered_m0
71,0,0,0,0,715,0,0,142,72,0,0,0,0,0,0,0,0,0,0,0,0,0,0,0,0,0,0,0,0,0,0,0,0,0,0,0,0,0,0,0,0,0,0,0,0,0,0,0,0,0,0,0,0,0,0,0,0,0,0,0,0,0,0,0,0,0,0,0,0,0,0,0,0,0,0,StraightLine_agent_NOrdered_m0
32,0,0,0,37,185,0,0,36,1,0,0,0,0,0,0,0,34,0,140,28,0,0,0,0,0,0,0,0,39,200,186,0,0,0,1,0,3,0,0,0,0,0,0,0,0,37,0,0,0,1,0,0,0,0,0,0,0,0,0,0,0,0,0,0,0,40,0,0,0,0,0,0,0,0,0,StraightLine_expert_NOrdered_m0
35,0,0,0,35,175,0,0,35,1,0,0,0,0,0,0,0,36,0,179,35,0,0,0,0,0,0,0,0,37,180,176,0,0,0,1,0,3,0,0,0,0,0,0,0,0,35,0,0,0,1,0,0,0,0,0,0,0,0,0,0,0,0,0,0,0,36,0,0,0,0,0,0,0,0,0,SmartStraightLine_agent_NOrdered_m0
37,0,0,0,43,282,0,0,0,1,0,0,0,0,0,0,0,27,0,168,0,0,0,0,0,0,0,0,0,34,161,235,1,0,0,1,0,3,0,0,0,0,0,0,0,0,0,0,0,0,1,0,0,0,0,0,0,0,1,0,0,0,0,0,0,0,1,3,1,0,0,0,0,0,0,0,SmartStraightLine_expert_NOrdered_m0
953,0,0,0,4,6,0,0,1,1,0,0,0,0,0,0,0,0,0,14,0,0,0,0,0,0,0,0,0,1,1,3,3,0,0,1,0,3,0,0,1,0,0,0,0,3,2,2,0,0,1,0,0,0,0,0,0,0,0,0,0,0,0,0,0,0,0,0,0,0,0,0,0,0,0,0,SmartRandomExplorer_agent_NOrdered_m0
33,0,0,0,37,186,0,0,0,1,0,0,0,0,0,0,0,8,0,227,0,0,0,0,0,0,0,0,0,16,156,209,116,0,0,1,0,3,0,0,1,0,0,0,0,3,1,1,0,0,1,0,0,0,0,0,0,0,0,0,0,0,0,0,0,0,0,0,0,0,0,0,0,0,0,0,SmartRandomExplorer_expert_NOrdered_m0
0,0,0,0,0,0,0,0,0,0,0,0,0,0,0,0,0,53,0,6,0,0,0,0,0,0,0,0,0,0,736,0,37,0,0,0,0,0,0,0,0,0,0,0,0,0,0,0,0,0,0,0,0,0,0,0,0,0,0,0,0,0,0,0,0,53,105,5,5,0,0,0,0,0,0,0,ZigZag_agent_TB_m1
5,0,0,0,10,116,0,0,0,0,0,0,0,0,0,0,0,4,0,103,0,1,0,0,0,0,0,0,0,8,104,101,539,1,1,0,0,0,0,0,0,0,0,0,0,0,0,0,0,0,0,0,0,0,0,0,0,0,2,0,0,0,0,0,0,0,0,3,2,0,0,0,0,0,0,0,ZigZag_expert_TB_m1
0,0,0,0,0,0,0,499,0,0,0,0,0,0,0,0,0,0,0,0,0,0,0,0,0,0,0,0,0,0,0,0,2,0,0,0,0,0,0,0,0,0,0,0,0,0,0,0,0,0,0,0,0,0,0,0,0,0,0,0,0,0,0,0,0,0,0,0,1,498,0,0,0,0,0,0,FixedSequence_agent_TB_m1
0,0,0,0,0,0,0,0,0,0,0,0,0,0,0,0,0,0,0,0,0,0,0,0,0,0,0,0,0,0,0,0,600,0,400,0,0,0,0,0,0,0,0,0,0,0,0,0,0,0,0,0,0,0,0,0,0,0,0,0,0,0,0,0,0,0,0,0,0,0,0,0,0,0,0,0,FixedSequence_expert_TB_m1
0,0,0,0,0,126,0,0,0,0,0,0,0,0,0,0,0,0,0,5,0,0,0,0,0,0,0,0,0,0,10,1,845,0,0,1,0,3,0,0,0,0,0,0,0,0,0,0,0,0,0,0,0,0,0,0,0,0,1,0,0,0,0,0,0,0,0,3,4,1,0,0,0,0,0,0,SmartRandom_agent_TB_m1
1,0,0,0,5,85,0,4,0,0,0,0,0,0,0,0,0,5,0,118,0,0,0,0,0,0,0,0,0,3,133,143,492,1,5,0,0,0,0,0,0,0,0,0,0,0,0,0,0,0,0,0,0,0,0,0,0,0,1,0,0,0,0,0,0,0,0,3,0,1,0,0,0,0,0,0,SmartRandom_expert_TB_m1
22,0,0,0,23,155,0,0,22,0,0,0,0,0,0,0,0,23,0,248,0,22,0,0,0,0,0,0,0,22,161,247,2,0,0,0,0,0,0,0,0,0,0,0,0,0,23,0,0,0,0,0,0,0,0,0,0,0,1,0,0,0,0,0,0,1,23,5,0,0,0,0,0,0,0,0,WallFollower_agent_TB_m1
22,0,0,0,23,155,0,0,22,0,0,0,0,0,0,0,0,23,0,248,0,22,0,0,0,0,0,0,0,22,161,247,2,0,0,0,0,0,0,0,0,0,0,0,0,0,23,0,0,0,0,0,0,0,0,0,0,0,1,0,0,0,0,0,0,1,23,5,0,0,0,0,0,0,0,0,WallFollower_expert_TB_m1
0,0,0,0,0,0,0,0,0,0,0,0,0,0,0,0,0,0,0,0,0,0,0,0,0,0,0,0,0,0,0,0,501,0,100,0,0,0,0,0,0,0,0,0,0,0,0,0,0,0,0,0,0,0,0,0,0,0,0,0,0,0,0,0,0,0,0,0,299,100,0,0,0,0,0,0,Random_agent_TB_m1
0,0,0,0,2,23,0,12,2,0,0,0,0,0,0,0,0,7,0,146,0,5,0,0,0,0,0,0,0,0,56,38,621,4,17,0,0,0,0,0,0,0,0,0,0,0,0,0,0,0,0,0,0,0,0,0,0,0,0,0,0,0,0,0,0,21,3,28,15,0,0,0,0,0,0,0,Random_expert_TB_m1
22,0,0,0,0,0,0,0,0,0,0,0,0,0,0,0,0,45,0,448,0,89,0,0,0,0,0,0,0,0,321,0,6,0,0,0,0,0,0,0,0,0,0,0,0,0,0,0,0,0,0,0,0,0,0,0,0,0,0,0,0,0,0,0,0,23,46,0,0,0,0,0,0,0,0,0,StraightLine_agent_TB_m1
25,0,0,0,22,219,0,0,31,3,0,0,0,0,0,0,0,22,0,192,0,24,0,0,0,0,0,0,0,20,182,202,5,1,1,1,0,3,0,0,0,0,0,0,0,0,18,0,0,0,1,0,0,0,0,0,0,0,0,0,0,0,0,0,0,2,26,0,0,0,0,0,0,0,0,0,StraightLine_expert_TB_m1
1,0,0,0,0,3,0,0,0,0,0,0,0,0,0,0,0,70,0,847,0,71,0,0,0,0,0,0,0,0,0,0,2,0,1,0,0,0,0,0,0,0,0,0,0,0,0,0,0,0,0,0,0,0,0,0,0,0,1,0,0,0,0,0,0,0,0,3,0,1,0,0,0,0,0,0,SmartStraightLine_agent_TB_m1
27,0,0,0,22,235,0,0,0,1,0,0,0,0,0,0,0,23,0,288,0,0,0,0,0,0,0,0,0,19,176,196,2,0,0,1,0,4,0,0,0,0,0,0,0,0,0,0,0,0,0,0,0,0,0,0,0,0,1,0,0,0,0,0,0,0,0,3,1,1,0,0,0,0,0,0,SmartStraightLine_expert_TB_m1
0,0,0,0,0,899,0,4,0,0,0,0,0,0,0,0,0,0,0,14,0,0,0,0,0,0,0,0,0,1,13,19,41,1,1,0,0,0,0,0,1,0,0,0,0,3,1,1,0,0,0,0,0,0,0,0,0,0,0,0,0,0,0,0,0,0,0,0,0,1,0,0,0,0,0,0,SmartRandomExplorer_agent_TB_m1
8,0,0,0,37,169,0,0,0,0,0,0,0,0,0,0,0,0,0,143,0,0,0,0,0,0,0,0,0,0,90,235,304,0,0,1,0,4,0,0,0,0,0,0,0,0,0,0,0,0,0,0,0,0,0,0,0,0,1,0,0,0,0,0,0,0,0,3,4,1,0,0,0,0,0,0,SmartRandomExplorer_expert_TB_m1
0,0,0,0,0,0,0,0,0,0,0,0,0,0,0,0,0,47,0,52,0,0,0,0,0,0,0,0,0,0,336,0,365,0,0,0,0,0,0,0,0,0,0,0,0,0,0,0,0,0,0,0,0,0,0,0,0,0,0,0,0,0,0,0,0,48,48,52,52,0,0,0,0,0,0,0,ZigZag_agent_NOrdered_m1
10,0,0,0,5,116,0,4,0,0,0,0,0,0,0,0,0,9,0,114,0,1,0,0,0,0,0,0,0,4,105,113,509,1,2,0,0,0,0,0,1,0,0,0,0,3,1,1,0,0,0,0,0,0,0,0,0,0,0,0,0,0,0,0,0,0,0,0,0,1,0,0,0,0,0,0,ZigZag_expert_NOrdered_m1
0,0,0,0,0,0,0,0,0,0,0,0,0,0,0,0,0,0,0,150,0,50,0,0,0,0,0,0,0,0,0,0,400,0,50,0,0,0,0,0,0,0,0,0,0,0,0,0,0,0,0,0,0,0,0,0,0,0,0,0,0,0,0,0,0,0,0,150,100,100,0,0,0,0,0,0,FixedSequence_agent_NOrdered_m1
0,0,0,0,0,0,0,0,0,0,0,0,0,0,0,0,0,0,0,0,0,0,0,0,0,0,0,0,0,0,0,0,600,0,400,0,0,0,0,0,0,0,0,0,0,0,0,0,0,0,0,0,0,0,0,0,0,0,0,0,0,0,0,0,0,0,0,0,0,0,0,0,0,0,0,0,FixedSequence_expert_NOrdered_m1
0,0,0,0,0,0,0,105,0,0,0,0,0,0,0,0,0,0,0,0,0,0,0,0,0,0,0,0,0,0,0,0,220,0,108,0,0,0,0,0,0,0,0,0,0,0,0,0,0,0,0,0,0,0,0,0,0,0,0,0,0,0,0,0,0,0,0,255,104,208,0,0,0,0,0,0,SmartRandom_agent_NOrdered_m1
1,0,0,0,3,76,0,0,0,1,0,0,0,0,0,0,0,12,0,110,0,0,0,0,0,0,0,0,0,18,127,120,520,0,2,1,0,4,0,0,0,0,0,0,0,0,0,0,0,0,0,0,0,0,0,0,0,0,1,0,0,0,0,0,0,0,0,3,0,1,0,0,0,0,0,0,SmartRandom_expert_NOrdered_m1
0,0,0,0,21,126,0,0,21,0,0,0,0,0,0,0,0,22,0,195,0,0,0,0,0,0,0,0,0,20,150,225,149,21,0,0,0,0,0,0,0,0,0,0,0,0,21,0,0,0,0,0,0,0,0,0,0,0,1,0,0,0,0,0,0,1,22,5,0,0,0,0,0,0,0,0,WallFollower_agent_NOrdered_m1
22,0,0,0,23,155,0,0,22,0,0,0,0,0,0,0,0,23,0,248,0,22,0,0,0,0,0,0,0,22,161,247,2,0,0,0,0,0,0,0,0,0,0,0,0,0,23,0,0,0,0,0,0,0,0,0,0,0,1,0,0,0,0,0,0,1,23,5,0,0,0,0,0,0,0,0,WallFollower_expert_NOrdered_m1
2,0,0,0,0,1,0,1,0,0,0,0,0,0,0,0,0,0,0,114,0,9,0,0,0,0,0,0,0,0,0,0,858,4,5,0,0,0,0,0,0,0,0,0,0,0,0,0,0,0,0,0,0,0,0,0,0,0,0,0,0,0,0,0,0,0,0,0,5,1,0,0,0,0,0,0,Random_agent_NOrdered_m1
3,0,0,0,0,90,0,10,4,14,0,0,0,0,0,0,0,0,0,111,0,18,0,0,0,0,0,0,0,0,80,71,455,4,34,4,0,57,0,0,6,0,0,0,0,3,0,0,0,0,0,0,0,0,0,0,0,0,0,0,0,0,0,0,0,8,0,28,0,0,0,0,0,0,0,0,Random_expert_NOrdered_m1
0,0,0,0,0,0,0,0,0,0,0,0,0,0,0,0,0,0,0,998,0,0,0,0,0,0,0,0,0,0,0,0,2,0,0,0,0,0,0,0,0,0,0,0,0,0,0,0,0,0,0,0,0,0,0,0,0,0,0,0,0,0,0,0,0,0,0,0,0,0,0,0,0,0,0,0,StraightLine_agent_NOrdered_m1
21,0,0,0,20,115,0,0,17,1,0,0,0,0,0,0,0,23,0,271,0,29,0,0,0,0,0,0,0,22,142,280,6,0,0,0,0,0,0,0,0,0,0,0,0,0,26,0,0,0,0,0,0,0,0,0,0,0,1,0,0,0,0,0,0,1,20,5,0,0,0,0,0,0,0,0,StraightLine_expert_NOrdered_m1
44,0,0,0,23,310,0,0,44,0,0,0,0,0,0,0,0,22,0,484,0,44,0,0,0,0,0,0,0,0,0,5,6,0,0,0,0,0,0,0,0,0,0,0,0,0,1,0,0,0,0,0,0,0,0,0,0,0,5,0,0,0,0,0,0,1,0,10,1,0,0,0,0,0,0,0,SmartStraightLine_agent_NOrdered_m1
29,0,0,0,24,258,0,4,0,0,0,0,0,0,0,0,0,20,0,299,0,1,0,0,0,0,0,0,0,16,129,193,11,1,3,0,0,0,0,0,0,0,0,0,0,0,0,0,0,0,0,0,0,0,0,0,0,0,1,0,0,0,0,0,0,0,1,3,6,1,0,0,0,0,0,0,SmartStraightLine_expert_NOrdered_m1
0,0,0,0,0,0,0,976,0,0,0,0,0,0,0,0,0,0,0,0,0,0,0,0,0,0,0,0,0,0,0,0,19,0,1,0,0,0,0,0,0,0,0,0,0,0,0,0,0,0,0,0,0,0,0,0,0,0,0,0,0,0,0,0,0,0,0,0,3,1,0,0,0,0,0,0,SmartRandomExplorer_agent_NOrdered_m1
6,0,0,0,16,118,0,4,0,0,0,0,0,0,0,0,0,5,0,133,0,0,0,0,0,0,0,0,0,10,77,216,405,1,3,0,0,0,0,0,0,0,0,0,0,0,0,0,0,0,0,0,0,0,0,0,0,0,1,0,0,0,0,0,0,0,0,3,1,1,0,0,0,0,0,0,SmartRandomExplorer_expert_NOrdered_m1
14,0,0,0,28,284,1,3,1,1,0,0,0,0,0,0,0,14,114,56,0,1,0,0,0,0,0,0,0,28,281,56,110,0,2,0,0,0,0,0,1,0,0,0,0,2,0,2,0,0,1,0,0,0,0,0,0,0,0,0,0,0,0,0,0,0,0,0,0,0,0,0,0,0,0,0,ZigZag_agent_TB_m2
14,0,0,0,28,281,1,3,0,1,0,0,0,0,0,0,0,14,116,57,0,1,0,0,0,0,0,0,0,28,281,56,111,0,2,0,0,0,0,0,1,0,0,0,0,2,0,2,0,0,1,0,0,0,0,0,0,0,0,0,0,0,0,0,0,0,0,0,0,0,0,0,0,0,0,0,ZigZag_expert_TB_m2
0,0,0,0,0,299,0,0,0,300,0,0,0,0,0,0,0,0,0,0,0,0,0,0,0,0,0,0,0,0,0,0,0,0,0,0,0,0,0,0,0,0,0,0,0,200,0,101,0,0,100,0,0,0,0,0,0,0,0,0,0,0,0,0,0,0,0,0,0,0,0,0,0,0,0,0,FixedSequence_agent_TB_m2
0,0,0,0,0,204,0,0,0,0,0,0,0,0,0,0,0,0,0,199,0,0,0,0,0,0,0,0,0,0,0,198,0,0,0,0,0,0,0,0,0,0,0,0,0,0,0,399,0,0,0,0,0,0,0,0,0,0,0,0,0,0,0,0,0,0,0,0,0,0,0,0,0,0,0,0,FixedSequence_expert_TB_m2
14,0,0,0,10,244,1,3,0,0,0,0,0,0,0,0,0,14,164,99,0,1,0,0,0,0,0,0,0,22,225,101,98,0,2,0,0,0,0,0,1,0,0,0,0,0,0,1,0,0,0,0,0,0,0,0,0,0,0,0,0,0,0,0,0,0,0,0,0,0,0,0,0,0,0,0,SmartRandom_agent_TB_m2
13,0,0,0,13,189,1,1,0,0,0,0,0,0,0,0,0,5,142,141,0,0,0,0,0,0,0,0,0,23,215,154,98,0,1,0,0,0,0,0,1,0,0,0,0,1,0,2,0,0,0,0,0,0,0,0,0,0,0,0,0,0,0,0,0,0,0,0,0,0,0,0,0,0,0,0,SmartRandom_expert_TB_m2
1,0,0,0,0,3,0,0,1,0,0,0,0,0,0,0,0,1,494,0,1,1,0,0,0,0,0,0,0,0,6,491,0,0,0,0,0,0,0,0,0,0,0,0,0,0,0,0,0,0,0,0,0,0,0,0,1,0,0,0,0,0,0,0,0,0,0,0,0,0,0,0,0,0,0,0,WallFollower_agent_TB_m2
1,0,0,0,0,3,0,0,1,0,0,0,0,0,0,0,0,1,494,0,1,1,0,0,0,0,0,0,0,0,6,491,0,0,0,0,0,0,0,0,0,0,0,0,0,0,0,0,0,0,0,0,0,0,0,0,1,0,0,0,0,0,0,0,0,0,0,0,0,0,0,0,0,0,0,0,WallFollower_expert_TB_m2
194,0,0,0,0,279,0,0,0,0,0,0,0,0,0,0,0,0,62,176,0,0,0,0,0,0,0,0,0,0,229,0,54,0,0,0,0,0,0,0,4,0,0,0,0,0,0,2,0,0,0,0,0,0,0,0,0,0,0,0,0,0,0,0,0,0,0,0,0,0,0,0,0,0,0,0,Random_agent_TB_m2
34,0,0,0,26,243,5,10,0,0,0,0,0,0,0,0,0,30,54,135,0,4,0,0,0,0,0,0,0,3,181,112,97,0,3,0,0,0,0,0,3,0,0,0,0,21,14,22,0,0,0,0,0,0,0,0,3,0,0,0,0,0,0,0,0,0,0,0,0,0,0,0,0,0,0,0,Random_expert_TB_m2
29,0,0,0,38,143,0,0,30,0,0,0,0,0,0,0,0,33,304,25,28,3,0,0,0,0,0,0,0,41,228,48,0,0,0,0,0,0,0,0,0,0,0,0,0,0,48,0,0,0,0,0,0,0,0,0,2,0,0,0,0,0,0,0,0,0,0,0,0,0,0,0,0,0,0,0,StraightLine_agent_TB_m2
39,0,0,0,35,218,0,0,43,0,0,0,0,0,0,0,0,36,244,33,35,2,0,0,0,0,0,0,0,29,225,30,0,0,1,0,0,0,0,0,0,0,0,0,0,0,26,1,0,0,0,0,0,0,0,0,3,0,0,0,0,0,0,0,0,0,0,0,0,0,0,0,0,0,0,0,StraightLine_expert_TB_m2
29,0,0,0,36,213,0,0,1,0,0,0,0,0,0,0,0,34,242,46,0,0,1,0,0,3,0,0,0,42,274,76,2,0,0,0,0,1,0,0,0,0,0,0,0,0,0,0,0,0,0,0,0,0,0,0,0,0,0,0,0,0,0,0,0,0,0,0,0,0,0,0,0,0,0,0,SmartStraightLine_agent_TB_m2
32,0,0,0,34,172,1,3,1,0,0,0,0,0,0,0,0,36,304,71,0,1,0,0,0,0,0,0,0,39,223,81,0,0,2,0,0,0,0,0,0,0,0,0,0,0,0,0,0,0,0,0,0,0,0,0,0,0,0,0,0,0,0,0,0,0,0,0,0,0,0,0,0,0,0,0,SmartStraightLine_expert_TB_m2
0,0,0,0,0,300,0,0,0,1,0,0,0,0,0,0,0,0,0,0,0,0,1,0,0,3,0,0,0,100,197,199,198,0,0,0,0,0,0,0,0,0,0,0,0,0,0,0,0,0,1,0,0,0,0,0,0,0,0,0,0,0,0,0,0,0,0,0,0,0,0,0,0,0,0,0,SmartRandomExplorer_agent_TB_m2
18,0,0,0,30,199,0,0,0,1,0,0,0,0,0,0,0,9,210,124,0,0,1,0,0,3,0,0,0,15,171,135,81,0,0,0,0,1,0,0,1,0,0,0,0,0,0,1,0,0,0,0,0,0,0,0,0,0,0,0,0,0,0,0,0,0,0,0,0,0,0,0,0,0,0,0,SmartRandomExplorer_expert_TB_m2
15,0,0,0,28,284,1,3,2,1,0,0,0,0,0,0,0,14,112,56,0,1,0,0,0,0,0,0,0,28,281,56,110,0,2,0,0,0,0,0,1,0,0,0,0,2,0,2,0,0,1,0,0,0,0,0,0,0,0,0,0,0,0,0,0,0,0,0,0,0,0,0,0,0,0,0,ZigZag_agent_NOrdered_m2
14,0,0,0,28,281,1,3,0,1,0,0,0,0,0,0,0,14,116,57,0,1,0,0,0,0,0,0,0,28,281,56,111,0,2,0,0,0,0,0,1,0,0,0,0,2,0,2,0,0,1,0,0,0,0,0,0,0,0,0,0,0,0,0,0,0,0,0,0,0,0,0,0,0,0,0,ZigZag_expert_NOrdered_m2
0,0,0,0,0,498,0,0,1,0,0,0,0,0,0,0,0,0,0,1,0,0,0,0,0,0,0,0,0,0,298,2,198,0,0,0,0,0,0,0,0,0,0,0,0,0,0,2,0,0,0,0,0,0,0,0,0,0,0,0,0,0,0,0,0,0,0,0,0,0,0,0,0,0,0,0,FixedSequence_agent_NOrdered_m2
0,0,0,0,0,204,0,0,0,0,0,0,0,0,0,0,0,0,0,199,0,0,0,0,0,0,0,0,0,0,0,198,0,0,0,0,0,0,0,0,0,0,0,0,0,0,0,399,0,0,0,0,0,0,0,0,0,0,0,0,0,0,0,0,0,0,0,0,0,0,0,0,0,0,0,0,FixedSequence_expert_NOrdered_m2
134,0,0,0,0,242,0,0,0,2,0,0,0,0,0,0,0,0,0,133,0,0,0,0,0,0,0,0,0,0,473,1,5,0,0,0,0,0,0,0,1,0,0,0,0,4,0,5,0,0,0,0,0,0,0,0,0,0,0,0,0,0,0,0,0,0,0,0,0,0,0,0,0,0,0,0,SmartRandom_agent_NOrdered_m2
13,0,0,0,6,220,1,3,0,0,0,0,0,0,0,0,0,12,99,112,0,1,0,0,0,0,0,0,0,28,232,137,131,0,2,0,0,0,0,0,1,0,0,0,0,0,0,2,0,0,0,0,0,0,0,0,0,0,0,0,0,0,0,0,0,0,0,0,0,0,0,0,0,0,0,0,SmartRandom_expert_NOrdered_m2
36,0,0,0,35,178,0,0,36,0,0,0,0,0,0,0,0,36,284,35,36,1,0,0,0,0,0,0,0,35,216,36,0,0,0,0,0,0,0,0,0,0,0,0,0,0,35,0,0,0,0,0,0,0,0,0,1,0,0,0,0,0,0,0,0,0,0,0,0,0,0,0,0,0,0,0,WallFollower_agent_NOrdered_m2
1,0,0,0,0,3,0,0,1,0,0,0,0,0,0,0,0,1,494,0,1,1,0,0,0,0,0,0,0,0,6,491,0,0,0,0,0,0,0,0,0,0,0,0,0,0,0,0,0,0,0,0,0,0,0,0,1,0,0,0,0,0,0,0,0,0,0,0,0,0,0,0,0,0,0,0,WallFollower_expert_NOrdered_m2
1,0,0,0,0,25,0,0,0,0,0,0,0,0,0,0,0,0,0,5,0,0,0,0,0,0,0,0,0,0,947,3,8,0,0,0,0,0,0,0,1,0,0,0,0,2,0,8,0,0,0,0,0,0,0,0,0,0,0,0,0,0,0,0,0,0,0,0,0,0,0,0,0,0,0,0,Random_agent_NOrdered_m2
35,0,0,0,38,247,1,18,0,10,0,0,0,0,0,0,0,4,121,109,0,6,0,0,0,21,0,0,0,0,179,118,48,0,5,0,0,12,0,0,1,0,0,0,0,8,0,9,0,0,10,0,0,0,0,0,0,0,0,0,0,0,0,0,0,0,0,0,0,0,0,0,0,0,0,0,Random_expert_NOrdered_m2
72,0,0,0,0,713,0,0,144,71,0,0,0,0,0,0,0,0,0,0,0,0,0,0,0,0,0,0,0,0,0,0,0,0,0,0,0,0,0,0,0,0,0,0,0,0,0,0,0,0,0,0,0,0,0,0,0,0,0,0,0,0,0,0,0,0,0,0,0,0,0,0,0,0,0,0,StraightLine_agent_NOrdered_m2
32,0,0,0,37,161,0,0,32,0,0,0,0,0,0,0,0,34,296,32,32,0,0,0,0,0,0,0,0,37,215,46,0,0,1,0,0,0,0,0,0,0,0,0,0,0,42,1,0,0,0,0,0,0,0,0,2,0,0,0,0,0,0,0,0,0,0,0,0,0,0,0,0,0,0,0,StraightLine_expert_NOrdered_m2
1,0,0,0,0,8,0,0,1,1,0,0,0,0,0,0,0,71,4,0,1,1,0,0,0,0,0,0,0,0,842,0,0,0,0,0,0,0,0,0,0,0,0,0,0,0,0,0,0,0,0,0,0,0,0,0,70,0,0,0,0,0,0,0,0,0,0,0,0,0,0,0,0,0,0,0,SmartStraightLine_agent_NOrdered_m2
39,0,0,0,30,229,1,3,0,0,0,0,0,0,0,0,0,40,252,81,0,1,0,0,0,0,0,0,0,32,242,45,0,0,2,0,0,0,0,0,1,0,0,0,0,0,0,2,0,0,0,0,0,0,0,0,0,0,0,0,0,0,0,0,0,0,0,0,0,0,0,0,0,0,0,0,SmartStraightLine_expert_NOrdered_m2
0,0,0,0,0,8,0,0,0,5,0,0,0,0,0,0,0,0,0,976,0,0,0,0,0,0,0,0,0,0,1,0,0,0,0,0,0,0,0,0,1,0,0,0,0,4,0,2,0,0,3,0,0,0,0,0,0,0,0,0,0,0,0,0,0,0,0,0,0,0,0,0,0,0,0,0,SmartRandomExplorer_agent_NOrdered_m2
15,0,0,0,31,210,1,1,0,0,0,0,0,0,0,0,0,3,140,122,0,0,0,0,0,0,0,0,0,25,192,182,74,0,1,0,0,0,0,0,1,0,0,0,0,0,0,2,0,0,0,0,0,0,0,0,0,0,0,0,0,0,0,0,0,0,0,0,0,0,0,0,0,0,0,0,SmartRandomExplorer_expert_NOrdered_m2
0,0,0,0,0,2,0,0,0,1,1,0,0,0,0,0,0,0,0,0,0,0,985,0,0,3,1,0,0,0,1,0,0,0,0,0,0,0,0,0,1,0,0,0,0,2,0,1,0,0,1,1,0,0,0,0,0,0,0,0,0,0,0,0,0,0,0,0,0,0,0,0,0,0,0,0,ZigZag_agent_TB_m3
49,0,0,196,1,101,0,0,0,1,1,0,0,0,0,0,0,49,0,1,0,0,1,0,0,3,1,0,0,97,394,98,0,0,0,0,0,0,0,0,1,0,0,0,0,2,0,1,0,0,1,1,0,0,0,0,1,0,0,0,0,0,0,0,0,0,0,0,0,0,0,0,0,0,0,0,ZigZag_expert_TB_m3
0,0,0,0,0,249,0,0,1,0,251,0,0,0,0,0,0,0,0,0,0,0,0,0,0,0,0,0,0,0,298,0,99,0,0,0,0,0,98,0,2,0,0,0,0,0,0,1,0,0,0,1,0,0,0,0,0,0,0,0,0,0,0,0,0,0,0,0,0,0,0,0,0,0,0,0,FixedSequence_agent_TB_m3
0,0,0,0,0,101,0,0,0,0,103,0,0,0,0,0,0,0,0,199,0,0,0,0,0,0,0,0,0,0,0,0,0,0,0,198,0,0,0,0,0,0,0,0,0,0,0,200,0,0,0,199,0,0,0,0,0,0,0,0,0,0,0,0,0,0,0,0,0,0,0,0,0,0,0,0,FixedSequence_expert_TB_m3
0,0,0,0,132,265,0,0,0,0,1,0,0,0,0,0,0,132,43,269,0,0,1,0,0,3,1,0,0,1,134,13,0,0,0,1,0,0,0,0,1,0,0,0,0,0,0,2,0,0,0,1,0,0,0,0,0,0,0,0,0,0,0,0,0,0,0,0,0,0,0,0,0,0,0,0,SmartRandom_agent_TB_m3
29,0,0,34,54,220,1,0,0,0,1,0,0,0,0,0,0,25,214,83,0,0,1,0,0,3,1,0,0,14,203,67,45,0,0,1,0,0,0,0,1,0,0,0,0,0,0,2,0,0,0,1,0,0,0,0,0,0,0,0,0,0,0,0,0,0,0,0,0,0,0,0,0,0,0,0,SmartRandom_expert_TB_m3
0,0,1,0,0,2,0,0,1,0,1,0,0,0,0,0,0,0,0,0,0,0,991,0,0,3,0,1,0,0,0,0,0,0,0,0,0,0,0,0,0,0,0,0,0,0,0,0,0,0,0,0,0,0,0,0,0,0,0,0,0,0,0,0,0,0,0,0,0,0,0,0,0,0,0,0,WallFollower_agent_TB_m3
0,0,1,493,0,2,0,0,1,0,1,0,0,0,0,0,0,1,0,1,0,0,1,0,0,3,0,1,0,0,495,0,0,0,0,0,0,0,0,0,0,0,0,0,0,0,0,0,0,0,0,0,0,0,0,0,0,0,0,0,0,0,0,0,0,0,0,0,0,0,0,0,0,0,0,0,WallFollower_expert_TB_m3
0,0,0,0,0,11,0,0,0,0,4,0,0,0,0,0,0,294,0,294,0,0,0,0,0,0,0,0,0,222,0,161,0,0,0,1,0,0,0,0,0,0,0,0,0,9,0,1,0,0,0,3,0,0,0,0,0,0,0,0,0,0,0,0,0,0,0,0,0,0,0,0,0,0,0,0,Random_agent_TB_m3
26,6,6,61,25,153,2,0,0,8,8,0,0,0,0,0,0,40,203,94,6,0,4,0,0,41,11,0,0,39,157,81,17,0,0,2,0,0,3,0,1,0,0,0,0,2,0,0,0,0,1,1,0,0,0,0,2,0,0,0,0,0,0,0,0,0,0,0,0,0,0,0,0,0,0,0,Random_expert_TB_m3
70,0,1,0,0,562,0,0,113,56,1,0,0,0,0,0,0,16,112,31,28,0,1,0,0,3,0,1,0,1,0,1,0,0,0,1,0,0,0,0,0,0,0,0,0,0,0,1,0,0,0,1,0,0,0,0,0,0,0,0,0,0,0,0,0,0,0,0,0,0,0,0,0,0,0,0,StraightLine_agent_TB_m3
38,0,1,64,33,150,0,0,37,2,38,0,0,0,0,0,0,37,288,41,40,0,1,0,0,3,0,1,0,31,130,32,0,0,0,0,0,0,0,0,0,0,0,0,0,0,32,0,0,0,0,0,0,0,0,0,1,0,0,0,0,0,0,0,0,0,0,0,0,0,0,0,0,0,0,0,StraightLine_expert_TB_m3
51,0,0,14,49,438,0,0,0,1,1,0,0,0,0,0,0,29,220,61,0,0,2,0,0,6,1,0,0,15,53,54,0,0,0,1,0,1,0,0,1,0,0,0,0,0,0,1,0,0,0,1,0,0,0,0,0,0,0,0,0,0,0,0,0,0,0,0,0,0,0,0,0,0,0,0,SmartStraightLine_agent_TB_m3
35,0,0,72,31,168,0,0,0,0,1,0,0,0,0,0,0,40,304,85,0,0,1,0,0,3,1,0,0,35,147,71,0,0,0,1,0,0,0,0,1,0,0,0,0,0,0,2,0,0,0,1,0,0,0,0,1,0,0,0,0,0,0,0,0,0,0,0,0,0,0,0,0,0,0,0,SmartStraightLine_expert_TB_m3
0,0,123,0,0,618,0,0,0,0,1,0,0,0,0,0,0,0,0,2,0,0,0,0,0,0,0,0,0,1,247,3,0,0,0,1,0,0,0,0,1,0,0,0,0,0,0,2,0,0,0,1,0,0,0,0,0,0,0,0,0,0,0,0,0,0,0,0,0,0,0,0,0,0,0,0,SmartRandomExplorer_agent_TB_m3
43,0,0,30,42,204,0,0,0,0,1,0,0,0,0,0,0,26,184,102,0,0,2,0,0,6,1,0,0,31,172,103,48,0,0,1,0,1,0,0,1,0,0,0,0,0,0,1,0,0,0,1,0,0,0,0,0,0,0,0,0,0,0,0,0,0,0,0,0,0,0,0,0,0,0,0,SmartRandomExplorer_expert_TB_m3
85,0,0,34,85,53,0,0,0,1,1,0,0,0,0,0,0,68,295,33,0,0,1,0,0,3,1,0,0,16,167,118,16,0,0,0,0,0,16,0,1,0,0,0,0,2,0,1,0,0,1,1,0,0,0,0,1,0,0,0,0,0,0,0,0,0,0,0,0,0,0,0,0,0,0,0,ZigZag_agent_NOrdered_m3
49,0,0,196,1,101,0,0,0,1,1,0,0,0,0,0,0,49,0,1,0,0,1,0,0,3,1,0,0,97,394,98,0,0,0,0,0,0,0,0,1,0,0,0,0,2,0,1,0,0,1,1,0,0,0,0,1,0,0,0,0,0,0,0,0,0,0,0,0,0,0,0,0,0,0,0,ZigZag_expert_NOrdered_m3
0,0,0,0,0,249,0,0,1,0,250,0,0,0,0,0,0,0,0,0,0,0,0,0,0,0,0,0,0,0,298,0,99,0,0,0,0,0,99,0,2,0,0,0,0,0,0,1,0,0,0,1,0,0,0,0,0,0,0,0,0,0,0,0,0,0,0,0,0,0,0,0,0,0,0,0,FixedSequence_agent_NOrdered_m3
0,0,0,0,0,101,0,0,0,0,103,0,0,0,0,0,0,0,0,199,0,0,0,0,0,0,0,0,0,0,0,0,0,0,0,198,0,0,0,0,0,0,0,0,0,0,0,200,0,0,0,199,0,0,0,0,0,0,0,0,0,0,0,0,0,0,0,0,0,0,0,0,0,0,0,0,FixedSequence_expert_NOrdered_m3
0,0,6,0,0,32,0,0,0,0,1,0,0,0,0,0,0,1,0,11,0,0,69,0,0,734,52,0,0,2,55,13,7,0,0,1,0,2,0,0,2,0,0,0,0,1,0,10,0,0,0,1,0,0,0,0,0,0,0,0,0,0,0,0,0,0,0,0,0,0,0,0,0,0,0,0,SmartRandom_agent_NOrdered_m3
33,0,1,23,14,224,0,0,0,0,1,0,0,0,0,0,0,36,86,137,0,0,2,0,0,6,1,0,0,37,166,121,106,0,0,1,0,1,0,0,1,0,0,0,0,0,0,2,0,0,0,1,0,0,0,0,0,0,0,0,0,0,0,0,0,0,0,0,0,0,0,0,0,0,0,0,SmartRandom_expert_NOrdered_m3
35,0,1,72,35,142,0,0,36,0,36,0,0,0,0,0,0,37,280,36,35,0,1,0,0,3,0,1,0,35,144,35,0,0,0,0,0,0,0,0,0,0,0,0,0,0,35,0,0,0,0,0,0,0,0,0,1,0,0,0,0,0,0,0,0,0,0,0,0,0,0,0,0,0,0,0,WallFollower_agent_NOrdered_m3
0,0,1,493,0,2,0,0,1,0,1,0,0,0,0,0,0,1,0,1,0,0,1,0,0,3,0,1,0,0,495,0,0,0,0,0,0,0,0,0,0,0,0,0,0,0,0,0,0,0,0,0,0,0,0,0,0,0,0,0,0,0,0,0,0,0,0,0,0,0,0,0,0,0,0,0,WallFollower_expert_NOrdered_m3
0,0,0,0,0,420,0,0,1,32,3,0,0,0,0,0,0,36,0,75,0,0,0,0,0,32,0,0,0,25,131,46,81,0,0,2,0,84,0,0,4,0,0,0,0,10,0,4,0,0,12,2,0,0,0,0,0,0,0,0,0,0,0,0,0,0,0,0,0,0,0,0,0,0,0,0,Random_agent_NOrdered_m3
10,0,35,7,12,218,0,0,0,6,6,0,0,0,0,0,0,68,40,119,0,0,1,0,0,53,33,0,0,37,159,92,69,0,0,1,0,16,0,0,3,0,0,0,0,2,0,12,0,0,0,1,0,0,0,0,0,0,0,0,0,0,0,0,0,0,0,0,0,0,0,0,0,0,0,0,Random_expert_NOrdered_m3
0,0,71,0,0,572,0,0,142,72,143,0,0,0,0,0,0,0,0,0,0,0,0,0,0,0,0,0,0,0,0,0,0,0,0,0,0,0,0,0,0,0,0,0,0,0,0,0,0,0,0,0,0,0,0,0,0,0,0,0,0,0,0,0,0,0,0,0,0,0,0,0,0,0,0,0,StraightLine_agent_NOrdered_m3
31,0,0,52,45,199,0,0,39,1,1,0,0,0,0,0,0,25,300,26,24,0,1,0,0,3,0,0,0,40,104,53,0,0,0,1,0,0,0,0,0,0,0,0,0,0,51,1,0,0,1,1,1,0,0,0,0,0,0,0,0,0,0,0,0,0,0,0,0,0,0,0,0,0,0,0,StraightLine_expert_NOrdered_m3
0,0,0,0,0,180,0,0,0,0,1,0,0,0,0,0,0,0,0,0,0,0,0,0,0,0,0,0,0,274,0,363,0,0,0,1,0,0,0,0,0,0,0,0,0,0,0,180,0,0,0,1,0,0,0,0,0,0,0,0,0,0,0,0,0,0,0,0,0,0,0,0,0,0,0,0,SmartStraightLine_agent_NOrdered_m3
34,0,0,80,31,180,0,0,0,0,1,0,0,0,0,0,0,40,281,78,0,0,1,0,0,3,1,0,0,36,161,67,0,0,0,1,0,0,0,0,1,0,0,0,0,0,0,2,0,0,0,1,0,0,0,0,1,0,0,0,0,0,0,0,0,0,0,0,0,0,0,0,0,0,0,0,SmartStraightLine_expert_NOrdered_m3
0,0,0,0,0,467,0,0,0,237,1,0,0,0,0,0,0,0,0,0,0,0,0,0,0,0,0,0,0,0,0,0,0,0,0,0,0,0,0,0,0,0,0,0,0,118,0,0,0,0,177,0,0,0,0,0,0,0,0,0,0,0,0,0,0,0,0,0,0,0,0,0,0,0,0,0,SmartRandomExplorer_agent_NOrdered_m3
22,0,0,18,44,225,0,0,0,1,1,0,1,0,1,0,0,35,171,88,0,0,1,0,0,3,0,0,0,31,146,135,71,0,0,1,0,1,0,0,1,0,0,0,0,0,0,2,0,0,0,1,0,0,0,0,0,0,0,0,0,0,0,0,0,0,0,0,0,0,0,0,0,0,0,0,SmartRandomExplorer_expert_NOrdered_m3
14,0,0,0,28,252,1,3,0,1,29,0,0,0,0,0,0,14,116,57,0,1,0,0,0,0,0,0,0,28,253,56,56,0,1,0,0,0,28,0,1,0,0,0,0,2,0,1,0,0,1,1,0,0,0,0,0,0,0,0,0,0,0,0,0,0,28,0,27,1,0,0,0,0,0,0,ZigZag_agent_TB_m4
14,0,0,0,28,252,1,3,0,1,29,0,0,0,0,0,0,14,116,57,0,1,0,0,0,0,0,0,0,28,253,56,56,0,1,0,0,0,28,0,1,0,0,0,0,2,0,1,0,0,1,1,0,0,0,0,0,0,0,0,0,0,0,0,0,0,28,0,27,1,0,0,0,0,0,0,ZigZag_expert_TB_m4
0,0,0,0,0,249,0,0,1,0,251,0,0,0,0,0,0,0,0,0,0,0,0,0,0,0,0,0,0,0,298,0,99,0,0,0,0,0,98,0,2,0,0,0,0,0,0,1,0,0,0,1,0,0,0,0,0,0,0,0,0,0,0,0,0,0,0,0,0,0,0,0,0,0,0,0,FixedSequence_agent_TB_m4
0,0,0,0,0,101,0,0,0,0,103,0,0,0,0,0,0,0,0,199,0,0,0,0,0,0,0,0,0,0,0,0,0,0,0,198,0,0,0,0,0,0,0,0,0,0,0,200,0,0,0,199,0,0,0,0,0,0,0,0,0,0,0,0,0,0,0,0,0,0,0,0,0,0,0,0,FixedSequence_expert_TB_m4
4,0,0,0,1,354,1,1,0,0,1,0,0,0,0,0,0,14,34,94,0,0,0,0,0,0,0,0,0,6,289,83,109,0,1,1,0,0,0,0,1,0,0,0,0,2,1,2,0,0,0,1,0,0,0,0,0,0,0,0,0,0,0,0,0,0,0,0,0,0,0,0,0,0,0,0,SmartRandom_agent_TB_m4
20,0,0,0,16,241,1,3,0,0,1,0,0,0,0,0,0,5,116,101,0,1,0,0,0,0,0,0,0,13,213,152,110,0,2,1,0,0,0,0,1,0,0,0,0,0,0,2,0,0,0,1,0,0,0,0,0,0,0,0,0,0,0,0,0,0,0,0,0,0,0,0,0,0,0,0,SmartRandom_expert_TB_m4
1,0,0,0,0,2,0,0,1,0,1,0,0,0,0,0,0,1,494,0,1,1,0,0,0,0,0,0,0,0,5,491,0,0,0,0,0,0,0,0,0,0,0,0,0,0,0,0,0,0,0,0,0,0,0,0,1,0,0,0,0,0,0,0,0,0,1,0,0,0,0,0,0,0,0,0,WallFollower_agent_TB_m4
1,0,0,0,0,2,0,0,1,0,1,0,0,0,0,0,0,1,494,0,1,1,0,0,0,0,0,0,0,0,5,491,0,0,0,0,0,0,0,0,0,0,0,0,0,0,0,0,0,0,0,0,0,0,0,0,1,0,0,0,0,0,0,0,0,0,1,0,0,0,0,0,0,0,0,0,WallFollower_expert_TB_m4
1,0,0,0,0,49,0,0,0,11,2,0,0,0,0,0,0,20,0,360,0,0,0,0,0,15,0,0,0,0,187,278,14,0,21,4,0,0,0,0,4,0,0,0,0,14,0,11,0,0,7,2,0,0,0,0,0,0,0,0,0,0,0,0,0,0,0,0,0,0,0,0,0,0,0,0,Random_agent_TB_m4
31,0,0,0,18,174,8,14,5,0,13,0,0,0,0,0,0,5,138,80,2,3,0,0,0,0,0,0,0,35,253,98,61,0,7,4,0,0,1,0,0,0,0,0,0,1,0,7,0,0,0,4,0,0,0,0,0,0,9,0,0,0,0,0,0,0,6,13,4,6,0,0,0,0,0,0,Random_expert_TB_m4
36,0,0,0,39,180,0,0,36,1,1,0,0,0,0,0,0,31,316,35,36,1,1,0,0,3,0,0,0,34,155,47,0,0,1,1,0,0,0,0,0,0,0,0,0,0,43,0,0,0,1,1,0,0,0,0,1,0,0,0,0,0,0,0,0,0,0,0,0,0,0,0,0,0,0,0,StraightLine_agent_TB_m4
31,0,0,0,40,170,0,0,42,2,43,0,0,0,0,0,0,30,241,21,20,0,1,0,0,3,0,0,0,40,195,41,0,0,0,0,0,0,0,0,0,0,0,0,0,0,40,0,0,0,1,0,0,0,0,0,0,0,0,0,0,0,0,0,0,0,39,0,0,0,0,0,0,0,0,0,StraightLine_expert_TB_m4
0,0,0,0,0,0,496,497,0,0,1,0,0,0,0,0,0,0,0,0,0,0,0,0,0,0,0,0,0,0,0,3,0,0,1,1,0,0,0,0,0,0,0,0,0,0,0,0,0,0,0,1,0,0,0,0,0,0,0,0,0,0,0,0,0,0,0,0,0,0,0,0,0,0,0,0,SmartStraightLine_agent_TB_m4
37,0,0,0,27,168,1,1,0,0,1,0,0,0,0,0,0,42,296,93,0,0,0,0,0,0,0,0,0,32,233,58,2,0,1,1,0,0,0,0,1,0,0,0,0,2,1,2,0,0,0,1,0,0,0,0,0,0,0,0,0,0,0,0,0,0,0,0,0,0,0,0,0,0,0,0,SmartStraightLine_expert_TB_m4
0,0,0,0,0,0,496,1,0,0,1,0,0,0,0,0,0,0,0,0,0,0,0,0,0,0,0,0,0,0,496,3,0,0,1,1,0,0,0,0,0,0,0,0,0,0,0,0,0,0,0,1,0,0,0,0,0,0,0,0,0,0,0,0,0,0,0,0,0,0,0,0,0,0,0,0,SmartRandomExplorer_agent_TB_m4
25,0,0,0,46,238,1,1,0,0,1,0,0,0,0,0,0,15,171,87,0,0,0,0,0,0,0,0,0,20,204,132,50,0,1,1,0,0,0,0,1,0,0,0,0,2,1,2,0,0,0,1,0,0,0,0,0,0,0,0,0,0,0,0,0,0,0,0,0,0,0,0,0,0,0,0,SmartRandomExplorer_expert_TB_m4
15,0,0,0,28,254,1,3,2,1,30,0,0,0,0,0,0,14,112,56,0,1,0,0,0,0,0,0,0,28,253,56,55,0,1,0,0,0,28,0,1,0,0,0,0,2,0,1,0,0,1,1,0,0,0,0,0,0,0,0,0,0,0,0,0,0,28,0,27,1,0,0,0,0,0,0,ZigZag_agent_NOrdered_m4
14,0,0,0,28,252,1,3,0,1,29,0,0,0,0,0,0,14,116,57,0,1,0,0,0,0,0,0,0,28,253,56,56,0,1,0,0,0,28,0,1,0,0,0,0,2,0,1,0,0,1,1,0,0,0,0,0,0,0,0,0,0,0,0,0,0,28,0,27,1,0,0,0,0,0,0,ZigZag_expert_NOrdered_m4
0,0,0,0,0,249,0,0,1,0,250,0,0,0,0,0,0,0,0,0,0,0,0,0,0,0,0,0,0,0,298,0,99,0,0,0,0,0,99,0,2,0,0,0,0,0,0,1,0,0,0,1,0,0,0,0,0,0,0,0,0,0,0,0,0,0,0,0,0,0,0,0,0,0,0,0,FixedSequence_agent_NOrdered_m4
0,0,0,0,0,101,0,0,0,0,103,0,0,0,0,0,0,0,0,199,0,0,0,0,0,0,0,0,0,0,0,0,0,0,0,198,0,0,0,0,0,0,0,0,0,0,0,200,0,0,0,199,0,0,0,0,0,0,0,0,0,0,0,0,0,0,0,0,0,0,0,0,0,0,0,0,FixedSequence_expert_NOrdered_m4
0,0,0,0,0,219,2,4,0,0,1,0,0,0,0,0,0,79,11,160,0,0,0,0,0,0,0,0,0,4,226,143,141,0,8,1,0,0,0,0,0,0,0,0,0,0,0,0,0,0,0,1,0,0,0,0,0,0,0,0,0,0,0,0,0,0,0,0,0,0,0,0,0,0,0,0,SmartRandom_agent_NOrdered_m4
10,0,0,0,5,198,1,1,0,0,1,0,0,0,0,0,0,26,156,105,1,0,0,0,0,0,0,0,0,22,230,132,108,0,2,1,0,0,0,0,0,0,0,0,0,0,0,0,0,0,0,1,0,0,0,0,0,0,0,0,0,0,0,0,0,0,0,0,0,0,0,0,0,0,0,0,SmartRandom_expert_NOrdered_m4
36,0,0,0,35,142,0,0,36,0,36,0,0,0,0,0,0,36,284,35,36,1,0,0,0,0,0,0,0,35,180,36,0,0,0,0,0,0,0,0,0,0,0,0,0,0,35,0,0,0,0,0,0,0,0,0,1,0,0,0,0,0,0,0,0,0,36,0,0,0,0,0,0,0,0,0,WallFollower_agent_NOrdered_m4
1,0,0,0,0,2,0,0,1,0,1,0,0,0,0,0,0,1,494,0,1,1,0,0,0,0,0,0,0,0,5,491,0,0,0,0,0,0,0,0,0,0,0,0,0,0,0,0,0,0,0,0,0,0,0,0,1,0,0,0,0,0,0,0,0,0,1,0,0,0,0,0,0,0,0,0,WallFollower_expert_NOrdered_m4
29,0,0,0,0,7,0,0,1,0,7,0,0,0,0,0,0,0,870,1,80,0,0,0,0,0,0,0,0,0,0,0,0,0,0,2,0,0,0,0,0,0,0,0,0,0,0,1,0,0,0,2,0,0,0,0,0,0,0,0,0,0,0,0,0,0,0,0,0,0,0,0,0,0,0,0,Random_agent_NOrdered_m4
30,0,0,0,66,141,9,32,7,9,12,0,0,0,0,0,0,8,108,48,2,1,0,0,0,45,0,0,0,31,241,65,11,0,12,1,0,0,2,0,1,0,0,0,0,14,0,1,0,0,10,7,0,0,0,0,10,0,5,0,0,0,0,0,0,0,36,17,6,12,0,0,0,0,0,0,Random_expert_NOrdered_m4
71,0,0,0,0,572,0,0,142,72,143,0,0,0,0,0,0,0,0,0,0,0,0,0,0,0,0,0,0,0,0,0,0,0,0,0,0,0,0,0,0,0,0,0,0,0,0,0,0,0,0,0,0,0,0,0,0,0,0,0,0,0,0,0,0,0,0,0,0,0,0,0,0,0,0,0,StraightLine_agent_NOrdered_m4
34,0,0,0,26,100,0,0,20,0,1,0,0,0,0,0,0,45,320,46,48,2,0,0,0,0,0,0,0,34,251,35,0,0,1,1,0,0,0,0,0,0,0,0,0,0,32,0,0,0,0,1,0,0,0,0,3,0,0,0,0,0,0,0,0,0,0,0,0,0,0,0,0,0,0,0,StraightLine_expert_NOrdered_m4
0,0,0,0,0,0,0,0,0,0,1,0,0,0,0,0,0,0,0,995,0,0,0,0,0,0,0,0,0,0,0,2,0,0,0,1,0,0,0,0,0,0,0,0,0,0,0,0,0,0,0,1,0,0,0,0,0,0,0,0,0,0,0,0,0,0,0,0,0,0,0,0,0,0,0,0,SmartStraightLine_agent_NOrdered_m4
33,0,0,0,31,172,1,1,0,0,1,0,0,0,0,0,0,38,300,79,1,0,0,0,0,0,0,0,0,36,226,74,4,0,1,1,0,0,0,0,0,0,0,0,0,0,0,0,0,0,0,1,0,0,0,0,0,0,0,0,0,0,0,0,0,0,0,0,0,0,0,0,0,0,0,0,SmartStraightLine_expert_NOrdered_m4
0,0,0,0,0,467,0,0,0,237,1,0,0,0,0,0,0,0,0,0,0,0,0,0,0,0,0,0,0,0,0,0,0,0,0,0,0,0,0,0,0,0,0,0,0,118,0,0,0,0,177,0,0,0,0,0,0,0,0,0,0,0,0,0,0,0,0,0,0,0,0,0,0,0,0,0,SmartRandomExplorer_agent_NOrdered_m4
6,0,0,0,51,217,1,1,0,0,1,0,0,0,0,0,0,7,190,58,0,0,0,0,0,0,0,0,0,22,205,157,75,0,1,1,0,0,0,0,1,0,0,0,0,2,1,2,0,0,0,1,0,0,0,0,0,0,0,0,0,0,0,0,0,0,0,0,0,0,0,0,0,0,0,0,SmartRandomExplorer_expert_NOrdered_m4
0,0,0,0,0,20,2,5,0,0,0,0,0,0,0,0,1,13,0,22,0,0,0,0,1,0,22,0,1,0,362,5,419,0,13,0,0,0,4,0,1,0,1,0,0,2,0,17,0,0,1,0,0,0,0,0,0,0,0,0,0,0,0,0,0,14,26,17,30,0,0,0,0,1,0,0,ZigZag_agent_TB_m5
5,0,0,0,8,134,0,0,0,1,24,0,1,0,0,3,1,0,0,22,0,1,0,0,0,0,68,0,0,5,162,61,410,1,6,0,0,1,64,2,0,0,0,0,0,0,0,0,0,0,0,0,0,0,0,0,0,2,0,0,0,0,0,0,0,0,0,18,0,0,0,0,0,0,0,0,ZigZag_expert_TB_m5
0,0,0,0,0,0,0,0,0,0,0,0,0,0,0,0,1000,0,0,0,0,0,0,0,0,0,0,0,0,0,0,0,0,0,0,0,0,0,0,0,0,0,0,0,0,0,0,0,0,0,0,0,0,0,0,0,0,0,0,0,0,0,0,0,0,0,0,0,0,0,0,0,0,0,0,0,FixedSequence_agent_TB_m5
0,0,0,0,0,0,0,0,0,0,0,0,0,0,0,101,103,0,0,199,0,0,0,0,0,0,0,0,0,0,0,0,0,0,0,0,0,198,0,0,0,0,0,0,0,0,0,200,0,0,199,0,0,0,0,0,0,0,0,0,0,0,0,0,0,0,0,0,0,0,0,0,0,0,0,0,FixedSequence_expert_TB_m5
0,0,0,0,0,0,0,0,0,0,1,0,0,0,0,0,1,0,0,7,0,0,0,0,0,0,3,0,0,0,402,45,521,0,0,1,1,2,14,0,0,0,0,0,0,0,0,0,0,0,1,1,0,0,0,0,0,0,0,0,0,0,0,0,0,0,0,0,0,0,0,0,0,0,0,0,SmartRandom_agent_TB_m5
11,0,0,0,9,162,0,0,0,0,1,0,0,0,0,0,1,0,0,78,0,0,0,0,0,0,3,0,0,0,63,117,503,0,0,1,1,2,14,0,1,0,1,0,0,2,1,15,0,0,1,1,0,0,0,0,0,0,0,1,0,0,0,0,0,0,0,0,10,0,0,0,0,0,1,0,SmartRandom_expert_TB_m5
0,0,0,0,0,0,0,0,0,0,0,0,125,0,0,375,1,0,0,0,0,0,0,0,0,0,0,0,0,0,0,0,0,0,0,0,0,0,0,0,125,0,0,0,0,250,0,124,0,0,0,0,0,0,0,0,0,0,0,0,0,0,0,0,0,0,0,0,0,0,0,0,0,0,0,0,WallFollower_agent_TB_m5
9,0,0,0,8,122,0,72,0,0,0,0,1,0,0,3,1,8,0,210,0,23,0,0,1,0,18,0,1,7,184,188,27,0,8,0,0,0,0,0,0,0,0,0,0,0,21,0,0,0,0,0,0,0,0,0,0,0,1,0,0,0,0,0,0,1,48,19,0,16,0,0,0,3,0,0,WallFollower_expert_TB_m5
0,0,0,0,0,0,0,0,0,0,0,0,0,0,0,0,1000,0,0,0,0,0,0,0,0,0,0,0,0,0,0,0,0,0,0,0,0,0,0,0,0,0,0,0,0,0,0,0,0,0,0,0,0,0,0,0,0,0,0,0,0,0,0,0,0,0,0,0,0,0,0,0,0,0,0,0,Random_agent_TB_m5
4,0,0,0,0,12,0,5,0,0,21,0,1,0,0,51,28,0,0,66,2,0,0,0,0,0,7,0,0,0,37,218,197,0,24,0,0,7,148,0,2,0,0,0,0,19,11,49,2,25,5,3,0,0,0,0,0,0,0,0,0,6,0,0,0,0,0,0,26,9,0,0,0,0,2,13,Random_expert_TB_m5
0,0,0,0,0,0,0,0,0,0,0,0,125,0,0,375,1,0,0,0,0,0,0,0,0,0,0,0,0,0,0,0,0,0,0,0,0,0,0,0,125,0,0,0,0,250,0,124,0,0,0,0,0,0,0,0,0,0,0,0,0,0,0,0,0,0,0,0,0,0,0,0,0,0,0,0,StraightLine_agent_TB_m5
6,2,0,0,6,20,1,6,0,0,2,2,1,0,0,3,1,11,0,316,24,15,0,0,1,0,16,0,1,8,220,225,8,0,1,0,0,0,0,0,0,0,0,0,0,0,24,0,0,0,0,0,0,0,0,0,0,0,1,0,0,0,0,0,0,1,56,19,0,0,0,0,0,3,0,0,StraightLine_expert_TB_m5
0,0,0,0,0,3,0,0,0,0,0,0,0,0,0,0,1,0,0,0,0,0,0,466,0,0,476,0,0,0,0,11,6,0,0,1,1,2,9,0,0,0,0,0,0,0,1,9,0,0,1,1,0,0,0,0,0,0,0,1,0,0,0,0,0,0,0,0,10,0,0,0,0,0,1,0,SmartStraightLine_agent_TB_m5
6,0,0,0,7,49,0,0,0,0,0,0,0,0,0,0,1,7,0,228,0,0,0,0,0,0,0,0,0,8,264,220,139,1,7,1,1,2,9,0,1,0,1,0,0,2,2,17,0,0,1,1,0,0,0,0,0,0,1,1,0,0,0,0,0,0,0,11,11,0,0,0,0,0,1,0,SmartStraightLine_expert_TB_m5
0,0,0,0,0,0,0,0,0,0,0,0,0,0,0,0,1,0,0,0,0,0,0,0,0,0,2,0,0,483,0,8,3,0,0,1,1,2,12,0,0,0,0,0,0,0,485,0,0,0,1,1,0,0,0,0,0,0,0,0,0,0,0,0,0,0,0,0,0,0,0,0,0,0,0,0,SmartRandomExplorer_agent_TB_m5
12,0,0,0,20,129,0,0,0,0,1,0,0,0,0,0,1,0,0,147,0,0,0,0,0,0,3,0,0,0,74,199,367,0,0,1,1,2,14,0,1,0,0,0,0,2,2,10,0,0,1,1,0,0,0,0,0,0,0,1,0,0,0,0,0,0,0,0,10,0,0,0,0,0,1,0,SmartRandomExplorer_expert_TB_m5
0,0,0,0,0,235,0,0,0,0,0,0,0,0,0,0,1,0,0,5,0,0,0,0,0,0,94,0,0,0,5,6,645,0,0,0,0,0,2,0,1,0,0,0,0,2,0,1,0,0,1,0,0,0,0,0,0,0,0,0,0,0,0,0,0,0,0,2,0,0,0,0,0,0,0,0,ZigZag_agent_NOrdered_m5
4,0,0,0,8,120,0,0,0,0,24,0,0,0,0,0,1,0,0,22,0,1,0,0,0,0,68,0,0,5,162,61,422,1,6,0,0,0,66,2,1,0,0,0,0,2,0,1,0,0,1,0,0,0,0,0,0,2,0,0,0,0,0,0,0,0,0,20,0,0,0,0,0,0,0,0,ZigZag_expert_NOrdered_m5
0,0,0,0,0,0,0,0,0,0,0,0,0,0,0,250,251,0,0,0,0,0,0,0,0,0,0,0,0,0,0,0,0,0,0,0,0,0,0,0,0,0,0,0,0,300,0,100,0,0,99,0,0,0,0,0,0,0,0,0,0,0,0,0,0,0,0,0,0,0,0,0,0,0,0,0,FixedSequence_agent_NOrdered_m5
0,0,0,0,0,0,0,0,0,0,0,0,0,0,0,101,103,0,0,199,0,0,0,0,0,0,0,0,0,0,0,0,0,0,0,0,0,198,0,0,0,0,0,0,0,0,0,200,0,0,199,0,0,0,0,0,0,0,0,0,0,0,0,0,0,0,0,0,0,0,0,0,0,0,0,0,FixedSequence_expert_NOrdered_m5
0,0,0,0,0,0,0,0,0,0,0,0,0,0,244,122,1,0,0,10,0,0,0,0,0,0,0,0,0,0,0,128,0,0,0,1,0,2,0,0,0,0,0,0,0,0,368,123,0,0,1,0,0,0,0,0,0,0,0,0,0,0,0,0,0,0,0,0,0,0,0,0,0,0,0,0,SmartRandom_agent_NOrdered_m5
0,0,0,0,0,36,0,0,0,0,1,0,0,0,0,0,1,0,0,69,0,0,0,1,0,0,13,0,0,0,61,74,703,0,0,1,1,2,14,0,0,0,0,0,0,0,0,9,0,0,1,1,0,0,0,0,0,0,0,1,0,0,0,0,0,0,0,0,10,0,0,0,0,0,1,0,SmartRandom_expert_NOrdered_m5
1,0,0,0,0,193,0,0,0,0,0,0,1,0,0,3,1,0,0,99,0,0,0,0,0,0,0,0,0,94,280,0,328,0,0,0,0,0,0,0,0,0,0,0,0,0,0,0,0,0,0,0,0,0,0,0,0,0,0,0,0,0,0,0,0,0,0,0,0,0,0,0,0,0,0,0,WallFollower_agent_NOrdered_m5
9,0,0,0,8,122,0,72,0,0,0,0,1,0,0,3,1,8,0,210,0,23,0,0,1,0,18,0,1,7,184,188,27,0,8,0,0,0,0,0,0,0,0,0,0,0,21,0,0,0,0,0,0,0,0,0,0,0,1,0,0,0,0,0,0,1,48,19,0,16,0,0,0,3,0,0,WallFollower_expert_NOrdered_m5
0,0,0,0,0,0,0,0,0,0,0,0,4,0,0,9,6,0,0,0,0,0,0,0,0,0,0,0,0,0,0,0,0,0,0,0,0,0,0,0,4,0,0,0,0,977,0,0,0,0,0,0,0,0,0,0,0,0,0,0,0,0,0,0,0,0,0,0,0,0,0,0,0,0,0,0,Random_agent_NOrdered_m5
11,0,0,0,2,191,0,0,0,0,29,0,6,0,0,22,4,0,0,139,0,0,0,0,0,0,11,0,0,0,122,165,230,0,0,2,0,0,22,0,3,0,0,0,0,33,1,6,0,0,1,0,0,0,0,0,0,0,0,0,0,0,0,0,0,0,0,0,0,0,0,0,0,0,0,0,Random_expert_NOrdered_m5
990,0,0,0,0,5,0,0,0,0,0,0,1,0,0,3,1,0,0,0,0,0,0,0,0,0,0,0,0,0,0,0,0,0,0,0,0,0,0,0,0,0,0,0,0,0,0,0,0,0,0,0,0,0,0,0,0,0,0,0,0,0,0,0,0,0,0,0,0,0,0,0,0,0,0,0,StraightLine_agent_NOrdered_m5
10,1,0,0,6,93,1,6,0,0,26,2,1,0,1,3,1,11,0,261,20,21,0,0,0,0,0,0,0,9,251,85,70,0,6,1,0,2,0,0,0,0,0,0,0,0,13,3,0,3,1,0,0,0,0,0,0,24,0,0,0,0,0,0,0,0,68,0,0,0,0,0,0,0,0,0,StraightLine_expert_NOrdered_m5
47,0,0,0,23,419,0,0,0,0,0,0,1,0,1,3,1,0,0,329,0,0,0,0,0,0,0,0,0,1,23,45,94,0,0,1,0,2,0,0,0,0,0,0,0,0,9,0,0,0,1,0,0,0,0,0,0,0,0,0,0,0,0,0,0,0,0,0,0,0,0,0,0,0,0,0,SmartStraightLine_agent_NOrdered_m5
13,0,0,0,12,220,0,0,0,0,0,0,0,0,0,0,1,5,0,158,0,0,0,0,0,0,0,0,0,7,227,134,152,1,7,1,1,2,9,0,1,0,1,0,0,2,2,17,0,0,1,1,0,0,0,0,0,0,1,1,0,0,0,0,0,0,0,11,11,0,0,0,0,0,1,0,SmartStraightLine_expert_NOrdered_m5
0,0,0,0,0,0,0,0,0,0,0,0,0,0,11,3,1,0,0,18,0,0,0,0,0,0,0,0,0,0,0,19,0,0,0,1,0,2,0,0,0,0,0,0,0,934,6,4,0,0,1,0,0,0,0,0,0,0,0,0,0,0,0,0,0,0,0,0,0,0,0,0,0,0,0,0,SmartRandomExplorer_agent_NOrdered_m5
12,0,0,0,8,129,0,0,0,0,0,0,1,0,0,3,1,0,0,101,0,0,0,0,0,0,3,0,0,2,98,127,463,0,0,1,1,2,13,0,1,0,1,0,0,2,0,15,0,0,1,1,0,0,0,0,0,0,1,0,0,0,0,0,0,0,0,11,2,0,0,0,0,0,0,0,SmartRandomExplorer_expert_NOrdered_m5
0,0,0,0,0,15,1,0,0,0,0,0,0,0,0,0,0,15,0,16,0,0,0,0,0,0,0,0,0,15,385,19,395,0,0,0,0,0,0,0,0,0,0,0,0,0,0,0,0,0,0,0,0,0,0,0,0,0,0,0,6,5,1,0,0,0,63,0,64,0,0,0,0,0,0,0,ZigZag_agent_TB_m6
4,0,0,0,2,138,1,0,0,0,8,0,0,0,0,0,0,1,0,68,0,1,0,0,0,0,2,0,0,2,100,67,531,0,4,2,0,2,14,0,0,0,0,0,0,0,0,0,0,0,0,0,0,1,2,0,0,0,0,4,2,9,1,0,0,0,8,3,15,0,4,4,0,0,0,0,ZigZag_expert_TB_m6
0,0,0,0,0,0,0,0,0,0,0,0,0,0,0,0,0,0,0,0,0,0,0,0,0,0,0,0,0,0,0,1000,0,0,0,0,0,0,0,0,0,0,0,0,0,0,0,0,0,0,0,0,0,0,0,0,0,0,0,0,0,0,0,0,0,0,0,0,0,0,0,0,0,0,0,0,FixedSequence_agent_TB_m6
0,0,0,0,0,0,0,0,0,0,0,0,0,0,0,0,0,0,0,0,0,0,0,0,0,0,0,0,0,0,0,500,500,0,0,0,0,0,0,0,0,0,0,0,0,0,0,0,0,0,0,0,0,0,0,0,0,0,0,0,0,0,0,0,0,0,0,0,0,0,0,0,0,0,0,0,FixedSequence_expert_TB_m6
0,0,0,0,0,0,0,0,0,0,0,0,0,0,0,0,0,0,0,0,0,0,0,0,0,0,0,0,0,0,0,1,504,0,0,0,0,0,0,0,0,0,492,0,0,0,0,3,0,0,0,0,0,0,0,0,0,0,0,0,0,0,0,0,0,0,0,0,0,0,0,0,0,0,0,0,SmartRandom_agent_TB_m6
0,0,0,0,1,43,0,0,0,0,0,0,0,0,0,0,0,0,2,82,0,0,0,0,0,0,0,0,0,0,36,105,714,0,0,0,0,0,0,0,0,0,1,0,0,0,0,2,0,0,0,0,0,1,1,0,0,0,0,0,5,7,0,0,0,0,0,0,0,0,0,0,0,0,0,0,SmartRandom_expert_TB_m6
8,0,0,0,9,238,0,0,0,0,18,0,0,0,0,0,0,8,0,224,0,8,0,0,0,0,0,0,0,8,200,239,0,0,0,0,0,0,0,0,0,0,0,0,0,0,8,0,0,0,0,0,0,0,0,0,0,0,0,0,0,0,0,0,0,0,32,0,0,0,0,0,0,0,0,0,WallFollower_agent_TB_m6
8,0,0,0,9,238,0,0,0,0,18,0,0,0,0,0,0,8,0,224,0,8,0,0,0,0,0,0,0,8,200,239,0,0,0,0,0,0,0,0,0,0,0,0,0,0,8,0,0,0,0,0,0,0,0,0,0,0,0,0,0,0,0,0,0,0,32,0,0,0,0,0,0,0,0,0,WallFollower_expert_TB_m6
0,0,0,0,0,11,0,0,0,0,0,0,0,0,0,0,0,0,0,2,0,0,0,0,0,0,7,0,0,0,488,27,303,0,0,0,0,0,162,0,0,0,0,0,0,0,0,0,0,0,0,0,0,0,0,0,0,0,0,0,0,0,0,0,0,0,0,0,0,0,0,0,0,0,0,0,Random_agent_TB_m6
0,0,0,0,16,121,0,0,0,0,12,0,0,0,0,0,0,0,0,35,0,0,0,0,0,0,3,0,0,0,61,193,545,0,0,0,0,0,10,0,0,0,2,0,0,0,0,1,0,0,0,0,0,0,0,0,0,0,0,1,0,0,0,0,0,0,0,0,0,0,0,0,0,0,0,0,Random_expert_TB_m6
5,0,0,0,6,0,0,0,0,0,0,0,0,0,0,0,0,11,0,303,0,11,0,0,0,0,0,0,0,11,275,323,0,0,0,0,0,0,0,0,0,0,0,0,0,0,11,0,0,0,0,0,0,0,0,0,0,0,0,0,0,0,0,0,0,0,44,0,0,0,0,0,0,0,0,0,StraightLine_agent_TB_m6
10,0,0,0,6,189,0,0,0,0,14,0,0,0,0,0,0,10,0,364,0,13,0,0,0,0,0,0,0,7,175,177,0,0,0,0,0,0,0,0,0,0,0,0,0,0,7,0,0,0,0,0,0,0,0,0,0,0,0,0,0,0,0,0,0,0,28,0,0,0,0,0,0,0,0,0,StraightLine_expert_TB_m6
14,0,0,0,15,816,0,0,0,0,2,0,0,0,0,0,0,0,29,11,0,0,1,0,0,6,2,0,0,1,8,56,8,0,0,3,0,5,4,0,0,1,1,0,0,0,1,3,0,0,0,0,0,1,1,0,0,0,0,0,5,6,0,0,0,0,0,0,0,0,0,0,0,0,0,0,SmartStraightLine_agent_TB_m6
7,0,0,0,4,64,0,0,0,0,1,0,0,0,0,0,0,12,9,376,0,0,0,0,0,6,0,0,0,8,348,130,6,0,0,3,0,5,2,0,0,1,1,0,0,0,1,3,0,0,0,0,0,1,1,0,0,0,0,0,5,6,0,0,0,0,0,0,0,0,0,0,0,0,0,0,SmartStraightLine_expert_TB_m6
0,0,0,0,0,990,0,0,0,0,0,0,0,0,0,0,0,0,0,0,0,0,0,0,0,0,0,0,0,0,0,3,7,0,0,0,0,0,0,0,0,0,0,0,0,0,0,0,0,0,0,0,0,0,0,0,0,0,0,0,0,0,0,0,0,0,0,0,0,0,0,0,0,0,0,0,SmartRandomExplorer_agent_TB_m6
0,0,0,0,15,74,0,0,0,0,0,0,0,0,0,0,0,0,47,128,0,0,1,1,0,2,3,0,0,2,55,90,580,0,0,0,0,0,0,0,0,0,1,0,0,0,0,1,0,0,0,0,0,0,0,0,0,0,0,0,0,0,0,0,0,0,0,0,0,0,0,0,0,0,0,0,SmartRandomExplorer_expert_TB_m6
0,0,0,0,0,0,0,0,0,0,0,0,0,0,0,0,0,0,0,0,0,0,0,0,0,0,0,0,0,0,3,975,9,0,0,0,0,0,0,0,0,0,0,0,0,0,0,0,0,0,0,0,0,0,0,0,0,0,0,2,6,3,2,0,0,0,0,0,0,0,0,0,0,0,0,0,ZigZag_agent_NOrdered_m6
1,0,0,0,2,101,0,0,0,0,4,0,0,0,0,0,0,4,0,69,0,0,0,0,0,0,2,0,0,2,131,67,531,0,0,0,0,1,7,0,0,0,2,0,0,0,2,6,0,0,0,0,0,0,0,0,0,0,0,6,0,10,0,1,1,0,16,7,20,0,0,6,1,0,0,0,ZigZag_expert_NOrdered_m6
0,0,0,0,0,0,0,0,0,0,0,0,0,0,0,0,0,0,0,0,0,0,0,0,0,0,0,0,0,0,0,351,649,0,0,0,0,0,0,0,0,0,0,0,0,0,0,0,0,0,0,0,0,0,0,0,0,0,0,0,0,0,0,0,0,0,0,0,0,0,0,0,0,0,0,0,FixedSequence_agent_NOrdered_m6
0,0,0,0,0,0,0,0,0,0,0,0,0,0,0,0,0,0,0,0,0,0,0,0,0,0,0,0,0,0,0,500,500,0,0,0,0,0,0,0,0,0,0,0,0,0,0,0,0,0,0,0,0,0,0,0,0,0,0,0,0,0,0,0,0,0,0,0,0,0,0,0,0,0,0,0,FixedSequence_expert_NOrdered_m6
0,0,0,0,0,5,0,0,0,0,0,0,0,0,0,0,0,0,0,12,0,0,0,0,0,0,0,0,0,0,330,1,397,0,0,0,0,0,0,0,0,0,5,0,0,0,0,0,0,0,0,0,0,0,0,0,0,0,0,0,0,250,0,0,0,0,0,0,0,0,0,0,0,0,0,0,SmartRandom_agent_NOrdered_m6
0,0,0,0,3,151,0,0,0,0,0,0,0,0,0,0,0,0,47,63,0,0,0,0,0,0,0,0,0,0,88,61,579,0,0,0,0,0,0,0,0,0,0,0,0,0,0,0,0,0,0,0,0,1,1,0,0,0,0,0,2,4,0,0,0,0,0,0,0,0,0,0,0,0,0,0,SmartRandom_expert_NOrdered_m6
8,0,0,0,9,238,0,0,0,0,18,0,0,0,0,0,0,8,0,224,0,8,0,0,0,0,0,0,0,8,200,239,0,0,0,0,0,0,0,0,0,0,0,0,0,0,8,0,0,0,0,0,0,0,0,0,0,0,0,0,0,0,0,0,0,0,32,0,0,0,0,0,0,0,0,0,WallFollower_agent_NOrdered_m6
8,0,0,0,9,238,0,0,0,0,18,0,0,0,0,0,0,8,0,224,0,8,0,0,0,0,0,0,0,8,200,239,0,0,0,0,0,0,0,0,0,0,0,0,0,0,8,0,0,0,0,0,0,0,0,0,0,0,0,0,0,0,0,0,0,0,32,0,0,0,0,0,0,0,0,0,WallFollower_expert_NOrdered_m6
0,0,0,0,0,0,0,0,0,0,0,0,0,0,0,0,0,0,0,2,0,0,0,0,0,0,0,0,0,38,41,538,275,0,0,0,0,0,0,0,0,0,0,0,0,0,95,11,0,0,0,0,0,0,0,0,0,0,0,0,0,0,0,0,0,0,0,0,0,0,0,0,0,0,0,0,Random_agent_NOrdered_m6
0,0,0,0,6,101,0,0,0,0,9,0,0,0,0,0,0,0,0,22,0,0,3,1,0,2,12,0,0,0,121,146,568,0,0,0,0,0,8,0,0,0,0,0,0,0,1,0,0,0,0,0,0,0,0,0,0,0,0,0,0,0,0,0,0,0,0,0,0,0,0,0,0,0,0,0,Random_expert_NOrdered_m6
0,0,0,0,13,0,0,0,0,0,0,0,0,0,0,0,0,0,0,0,0,0,0,0,0,0,0,0,0,26,195,715,0,0,0,0,0,0,0,0,0,0,0,0,0,0,25,0,0,0,0,0,0,0,0,0,0,0,0,0,0,0,0,0,0,0,26,0,0,0,0,0,0,0,0,0,StraightLine_agent_NOrdered_m6
9,0,0,0,12,304,0,0,0,0,23,0,0,0,0,0,0,4,0,168,0,6,0,0,0,0,0,0,0,8,50,379,14,0,0,0,0,0,0,0,0,0,0,0,0,0,14,0,0,0,0,0,0,0,0,0,0,0,0,0,0,1,0,0,0,0,8,0,0,0,0,0,0,0,0,0,StraightLine_expert_NOrdered_m6
16,0,0,0,8,427,0,0,0,0,32,0,0,0,0,0,0,8,0,448,0,16,0,0,0,0,0,0,0,1,0,42,0,0,0,0,0,0,0,0,0,0,0,0,0,0,2,0,0,0,0,0,0,0,0,0,0,0,0,0,0,0,0,0,0,0,0,0,0,0,0,0,0,0,0,0,SmartStraightLine_agent_NOrdered_m6
6,0,0,0,9,275,0,0,0,0,1,0,0,0,0,0,0,5,33,141,0,0,0,0,0,6,0,0,0,8,204,269,14,0,0,3,0,5,2,0,0,1,1,0,0,0,1,3,0,0,0,0,0,1,1,0,0,0,0,0,5,6,0,0,0,0,0,0,0,0,0,0,0,0,0,0,SmartStraightLine_expert_NOrdered_m6
0,0,0,0,25,298,0,0,0,0,0,0,0,0,0,0,0,0,0,0,0,0,0,0,0,0,0,0,0,0,0,163,512,0,0,0,0,0,0,0,0,0,0,0,0,0,0,2,0,0,0,0,0,0,0,0,0,0,0,0,0,0,0,0,0,0,0,0,0,0,0,0,0,0,0,0,SmartRandomExplorer_agent_NOrdered_m6
0,0,0,0,9,62,0,0,0,0,0,0,0,0,0,0,0,0,84,127,0,0,0,1,0,1,2,0,0,4,121,216,368,0,0,0,0,0,0,0,0,0,1,0,0,0,0,1,0,0,0,0,0,0,0,1,0,0,0,0,0,0,0,1,1,0,0,0,0,0,0,0,0,0,0,0,SmartRandomExplorer_expert_NOrdered_m6
31,0,0,0,25,111,0,0,22,7,0,0,0,0,0,0,0,40,0,194,40,7,0,0,0,0,0,0,0,38,204,195,0,0,0,0,0,2,0,0,0,0,0,0,0,0,39,1,0,0,2,0,0,0,0,0,2,0,0,0,0,0,0,0,0,0,40,0,0,0,0,0,0,0,0,0,StraightLine_agent_DiscreteDBN_m0
33,0,0,0,38,185,0,0,37,1,0,0,0,0,0,0,0,33,0,150,29,0,0,0,0,0,0,0,0,38,180,196,0,0,0,1,0,3,0,0,0,0,0,0,0,0,39,0,0,0,1,0,0,0,0,0,0,0,0,0,0,0,0,0,0,0,36,0,0,0,0,0,0,0,0,0,StraightLine_expert_DiscreteDBN_m0
17,0,0,0,19,126,0,0,18,1,0,0,0,0,0,0,0,27,0,174,0,18,0,0,0,0,0,0,0,29,263,236,6,0,0,0,0,0,0,0,0,0,0,0,0,0,22,0,0,0,0,0,0,0,0,0,0,0,1,0,0,0,0,0,0,1,37,5,0,0,0,0,0,0,0,0,StraightLine_agent_DiscreteDBN_m1
20,0,0,0,18,105,0,0,15,1,0,0,0,0,0,0,0,26,0,280,0,26,0,0,0,0,0,0,0,24,182,248,2,0,0,1,0,3,0,0,0,0,0,0,0,0,22,0,0,0,1,0,0,0,0,0,0,0,0,0,0,0,0,0,0,0,26,0,0,0,0,0,0,0,0,0,StraightLine_expert_DiscreteDBN_m1
38,0,0,0,35,248,0,0,49,5,0,0,0,0,0,0,0,31,224,19,27,7,0,0,0,0,0,0,0,31,223,30,0,0,0,0,0,0,0,0,0,0,0,0,0,0,30,0,0,0,0,0,0,0,0,0,3,0,0,0,0,0,0,0,0,0,0,0,0,0,0,0,0,0,0,0,StraightLine_agent_DiscreteDBN_m2
42,0,0,0,40,238,0,0,47,4,0,0,0,0,0,0,0,28,301,37,37,0,1,0,0,3,0,0,0,29,114,39,0,0,0,0,0,0,0,0,0,0,0,0,0,0,39,0,0,0,1,0,0,0,0,0,0,0,0,0,0,0,0,0,0,0,0,0,0,0,0,0,0,0,0,0,StraightLine_expert_DiscreteDBN_m2
29,0,7,205,21,126,0,0,31,5,32,0,0,0,0,0,0,35,200,31,30,0,1,0,0,3,0,6,0,29,166,20,0,0,0,0,0,0,0,0,0,0,0,0,0,0,20,0,0,0,0,0,0,0,0,0,3,0,0,0,0,0,0,0,0,0,0,0,0,0,0,0,0,0,0,0,StraightLine_agent_DiscreteDBN_m3
37,0,2,78,28,146,0,0,36,3,37,0,0,0,0,0,0,41,260,42,41,0,2,0,0,6,0,1,0,30,158,25,0,0,0,0,0,0,0,0,0,0,0,0,0,0,24,0,0,0,1,0,0,0,0,0,2,0,0,0,0,0,0,0,0,0,0,0,0,0,0,0,0,0,0,0,StraightLine_expert_DiscreteDBN_m3
34,0,0,0,34,150,0,0,35,1,26,0,0,0,0,0,0,36,272,32,33,1,0,0,0,0,0,0,0,36,208,38,1,0,0,1,0,0,0,0,0,0,0,0,0,0,35,0,0,0,0,1,0,0,0,0,1,0,0,0,0,0,0,0,0,0,25,0,0,0,0,0,0,0,0,0,StraightLine_agent_DiscreteDBN_m4
30,0,0,0,35,130,0,0,34,1,33,0,0,0,0,0,0,35,260,26,26,0,1,0,0,3,0,0,0,42,220,40,0,0,0,0,0,0,0,0,0,0,0,0,0,0,39,0,0,0,1,0,0,0,0,0,0,0,0,0,0,0,0,0,0,0,44,0,0,0,0,0,0,0,0,0,StraightLine_expert_DiscreteDBN_m4
9,0,0,0,1,46,0,0,0,1,9,0,0,6,8,32,4,12,0,315,28,12,0,0,0,0,16,0,0,2,224,35,86,0,0,0,0,6,24,0,1,0,0,0,2,1,5,8,0,0,0,0,0,0,0,0,0,3,5,0,0,0,0,0,0,11,50,38,0,0,0,0,0,0,0,0,StraightLine_agent_DiscreteDBN_m5
6,2,0,0,8,88,0,0,0,0,2,0,2,0,2,4,1,7,0,145,8,12,0,0,1,0,18,0,1,13,230,252,80,0,5,1,0,2,0,0,0,0,1,0,0,0,36,0,0,0,1,0,0,0,0,0,0,16,0,0,0,0,0,0,0,0,56,0,0,0,0,0,0,0,0,0,StraightLine_expert_DiscreteDBN_m5
7,0,0,0,6,135,0,0,0,0,10,0,0,0,0,0,0,10,0,252,0,9,0,0,0,0,0,0,0,10,275,233,0,0,0,0,0,0,0,0,0,0,0,0,0,0,9,0,0,0,0,0,0,0,0,0,0,0,0,0,0,0,0,0,0,0,44,0,0,0,0,0,0,0,0,0,StraightLine_agent_DiscreteDBN_m6
6,0,0,0,11,243,0,0,0,0,18,0,0,0,0,0,0,6,0,84,0,3,0,0,0,0,0,0,0,10,225,346,0,0,0,0,0,0,0,0,0,0,0,0,0,0,12,0,0,0,0,0,0,0,0,0,0,0,0,0,0,0,0,0,0,0,36,0,0,0,0,0,0,0,0,0,StraightLine_expert_DiscreteDBN_m6
1,0,0,0,0,10,0,4,2,2,0,0,0,0,0,0,0,69,0,2,0,1,0,0,0,0,0,0,0,69,827,4,1,1,1,0,0,0,0,0,1,0,0,0,0,3,0,1,0,0,1,0,0,0,0,0,0,0,0,0,0,0,0,0,0,0,0,0,0,0,0,0,0,0,0,0,ZigZag_agent_DiscreteLSTM_m0
25,0,0,0,12,253,0,0,1,1,0,0,0,0,0,0,0,26,0,154,1,0,0,0,0,0,0,0,0,13,256,151,102,0,0,1,0,4,0,0,0,0,0,0,0,0,0,0,0,0,0,0,0,0,0,0,0,0,0,0,0,0,0,0,0,0,0,0,0,0,0,0,0,0,0,0,ZigZag_expert_DiscreteLSTM_m0
0,0,0,0,0,500,0,0,0,500,0,0,0,0,0,0,0,0,0,0,0,0,0,0,0,0,0,0,0,0,0,0,0,0,0,0,0,0,0,0,0,0,0,0,0,0,0,0,0,0,0,0,0,0,0,0,0,0,0,0,0,0,0,0,0,0,0,0,0,0,0,0,0,0,0,0,ZigZag_agent_DiscreteMLP_m0
13,0,0,0,24,254,0,4,2,2,0,0,0,0,0,0,0,13,0,151,0,1,0,0,0,0,0,0,0,26,252,151,99,1,1,0,0,0,0,0,1,0,0,0,0,3,0,1,0,0,1,0,0,0,0,0,0,0,0,0,0,0,0,0,0,0,0,0,0,0,0,0,0,0,0,0,ZigZag_expert_DiscreteMLP_m0
0,0,0,0,0,0,0,0,0,0,0,0,0,0,0,0,0,0,0,55,0,0,0,0,0,0,0,0,0,0,0,0,778,0,0,0,0,0,0,0,0,0,0,0,0,0,0,0,0,0,0,0,0,0,0,0,0,0,56,0,0,0,0,0,0,0,0,0,111,0,0,0,0,0,0,0,ZigZag_agent_DiscreteLSTM_m1
4,0,0,0,8,96,0,0,0,0,0,0,0,0,0,0,0,5,0,101,0,1,0,0,0,0,0,0,0,8,110,87,547,1,1,0,0,0,0,0,0,0,0,0,0,0,0,0,0,0,0,0,0,0,0,0,0,0,2,0,0,0,0,0,0,2,2,13,12,0,0,0,0,0,0,0,ZigZag_expert_DiscreteLSTM_m1
0,0,0,0,0,0,0,0,0,0,0,0,0,0,0,0,0,0,0,0,0,0,0,0,0,0,0,0,0,0,0,496,502,0,0,0,0,0,0,0,0,0,0,0,0,0,0,0,0,0,0,0,0,0,0,0,0,0,1,0,0,0,0,0,0,0,0,0,1,0,0,0,0,0,0,0,ZigZag_agent_DiscreteMLP_m1
10,0,0,0,5,116,0,4,0,0,0,0,0,0,0,0,0,9,0,114,0,1,0,0,0,0,0,0,0,4,105,113,509,1,2,0,0,0,0,0,1,0,0,0,0,3,1,1,0,0,0,0,0,0,0,0,0,0,0,0,0,0,0,0,0,0,0,0,0,1,0,0,0,0,0,0,ZigZag_expert_DiscreteMLP_m1
15,0,0,0,28,284,1,3,2,1,0,0,0,0,0,0,0,14,112,56,0,1,0,0,0,0,0,0,0,28,281,56,110,0,2,0,0,0,0,0,1,0,0,0,0,2,0,2,0,0,1,0,0,0,0,0,0,0,0,0,0,0,0,0,0,0,0,0,0,0,0,0,0,0,0,0,ZigZag_agent_DiscreteLSTM_m2
14,0,0,0,28,281,1,3,0,1,0,0,0,0,0,0,0,14,116,57,0,1,0,0,0,0,0,0,0,28,281,56,111,0,2,0,0,0,0,0,1,0,0,0,0,2,0,2,0,0,1,0,0,0,0,0,0,0,0,0,0,0,0,0,0,0,0,0,0,0,0,0,0,0,0,0,ZigZag_expert_DiscreteLSTM_m2
0,0,0,0,0,501,0,0,0,499,0,0,0,0,0,0,0,0,0,0,0,0,0,0,0,0,0,0,0,0,0,0,0,0,0,0,0,0,0,0,0,0,0,0,0,0,0,0,0,0,0,0,0,0,0,0,0,0,0,0,0,0,0,0,0,0,0,0,0,0,0,0,0,0,0,0,ZigZag_agent_DiscreteMLP_m2
29,0,0,0,14,285,0,0,1,0,0,0,0,0,0,0,0,28,112,56,1,0,1,0,0,3,0,0,0,14,284,57,114,0,0,0,0,1,0,0,0,0,0,0,0,0,0,0,0,0,0,0,0,0,0,0,0,0,0,0,0,0,0,0,0,0,0,0,0,0,0,0,0,0,0,0,ZigZag_expert_DiscreteMLP_m2
0,0,0,271,1,3,0,0,0,1,1,0,0,0,0,0,0,67,0,1,0,0,1,0,0,3,1,0,0,0,542,0,0,0,0,0,0,0,0,0,1,0,0,0,0,2,0,1,0,0,1,1,0,0,0,0,102,0,0,0,0,0,0,0,0,0,0,0,0,0,0,0,0,0,0,0,ZigZag_agent_DiscreteLSTM_m3
49,0,1,194,1,104,0,0,2,1,2,0,0,0,0,0,0,49,0,1,0,0,1,0,0,3,1,0,0,96,391,97,0,0,0,0,0,0,0,0,1,0,0,0,0,2,0,1,0,0,1,1,0,0,0,0,1,0,0,0,0,0,0,0,0,0,0,0,0,0,0,0,0,0,0,0,ZigZag_expert_DiscreteLSTM_m3
0,0,0,0,0,500,0,0,0,499,1,0,0,0,0,0,0,0,0,0,0,0,0,0,0,0,0,0,0,0,0,0,0,0,0,0,0,0,0,0,0,0,0,0,0,0,0,0,0,0,0,0,0,0,0,0,0,0,0,0,0,0,0,0,0,0,0,0,0,0,0,0,0,0,0,0,ZigZag_agent_DiscreteMLP_m3
1,0,1,196,49,101,0,0,1,0,1,0,0,0,0,0,0,97,0,98,0,0,1,0,0,3,0,1,0,49,396,1,1,0,0,0,0,1,1,0,0,0,0,0,0,0,0,0,0,0,0,0,1,0,0,0,0,0,0,0,0,0,0,0,0,0,0,0,0,0,0,0,0,0,0,0,ZigZag_expert_DiscreteMLP_m3
15,0,0,0,28,254,1,3,2,1,30,0,0,0,0,0,0,14,112,56,0,1,0,0,0,0,0,0,0,28,253,56,55,0,1,0,0,0,28,0,1,0,0,0,0,2,0,1,0,0,1,1,0,0,0,0,0,0,0,0,0,0,0,0,0,0,28,0,27,1,0,0,0,0,0,0,ZigZag_agent_DiscreteLSTM_m4
14,0,0,0,28,252,1,3,0,1,29,0,0,0,0,0,0,14,116,57,0,1,0,0,0,0,0,0,0,28,253,56,56,0,1,0,0,0,28,0,1,0,0,0,0,2,0,1,0,0,1,1,0,0,0,0,0,0,0,0,0,0,0,0,0,0,28,0,27,1,0,0,0,0,0,0,ZigZag_expert_DiscreteLSTM_m4
0,0,0,0,0,2,0,0,0,1,1,0,0,0,0,0,0,0,0,495,0,0,0,0,0,0,0,0,0,0,495,0,0,0,0,0,0,0,0,0,1,0,0,0,0,2,0,1,0,0,1,1,0,0,0,0,0,0,0,0,0,0,0,0,0,0,0,0,0,0,0,0,0,0,0,0,ZigZag_agent_DiscreteMLP_m4
14,0,0,0,28,252,1,3,0,1,29,0,0,0,0,0,0,14,116,57,0,1,0,0,0,0,0,0,0,28,253,56,56,0,1,0,0,0,28,0,1,0,0,0,0,2,0,1,0,0,1,1,0,0,0,0,0,0,0,0,0,0,0,0,0,0,28,0,27,1,0,0,0,0,0,0,ZigZag_expert_DiscreteMLP_m4
0,0,0,0,0,0,0,0,0,0,0,0,0,0,0,0,1,0,0,248,0,0,0,0,0,0,0,0,0,0,2,247,497,0,0,0,0,0,0,0,1,0,0,0,0,2,0,1,0,0,1,0,0,0,0,0,0,0,0,0,0,0,0,0,0,0,0,0,0,0,0,0,0,0,0,0,ZigZag_agent_DiscreteLSTM_m5
2,0,0,0,0,73,0,0,0,0,0,0,2,0,0,6,1,2,0,42,1,0,0,1,0,0,15,0,0,4,128,57,590,0,0,1,1,3,23,0,0,0,1,0,0,0,2,19,0,0,0,2,0,0,0,0,0,0,0,0,0,0,0,0,0,0,8,0,16,0,0,0,0,0,0,0,ZigZag_expert_DiscreteLSTM_m5
0,0,0,0,0,0,0,0,0,0,0,0,1,0,0,3,1,0,0,495,0,0,0,0,0,0,0,0,0,0,2,0,497,0,0,0,0,0,0,0,1,0,0,0,0,0,0,0,0,0,0,0,0,0,0,0,0,0,0,0,0,0,0,0,0,0,0,0,0,0,0,0,0,0,0,0,ZigZag_agent_DiscreteMLP_m5
4,0,0,0,8,120,0,0,0,0,24,0,0,0,0,0,1,0,0,22,0,1,0,0,0,0,68,0,0,5,162,61,422,1,6,0,0,0,66,2,1,0,0,0,0,2,0,1,0,0,1,0,0,0,0,0,0,2,0,0,0,0,0,0,0,0,0,20,0,0,0,0,0,0,0,0,ZigZag_expert_DiscreteMLP_m5
0,0,0,0,0,231,0,0,0,0,0,0,0,0,0,0,0,0,0,4,0,0,0,0,0,0,0,0,0,0,1,5,759,0,0,0,0,0,0,0,0,0,0,0,0,0,0,0,0,0,0,0,0,0,0,0,0,0,0,0,0,0,0,0,0,0,0,0,0,0,0,0,0,0,0,0,FixedSequence_agent_DiscreteLSTM_m6
0,0,0,0,0,0,0,0,0,0,0,0,0,0,0,0,0,0,0,0,0,0,0,0,0,0,0,0,0,0,0,500,500,0,0,0,0,0,0,0,0,0,0,0,0,0,0,0,0,0,0,0,0,0,0,0,0,0,0,0,0,0,0,0,0,0,0,0,0,0,0,0,0,0,0,0,FixedSequence_expert_DiscreteLSTM_m6
0,0,0,0,1,7,0,0,0,0,977,0,0,0,0,0,0,0,0,0,0,0,0,0,0,0,0,0,0,0,0,15,0,0,0,0,0,0,0,0,0,0,0,0,0,0,0,0,0,0,0,0,0,0,0,0,0,0,0,0,0,0,0,0,0,0,0,0,0,0,0,0,0,0,0,0,FixedSequence_agent_DiscreteMLP_m6
0,0,0,0,0,0,0,0,0,0,0,0,0,0,0,0,0,0,0,0,0,0,0,0,0,0,0,0,0,0,0,500,500,0,0,0,0,0,0,0,0,0,0,0,0,0,0,0,0,0,0,0,0,0,0,0,0,0,0,0,0,0,0,0,0,0,0,0,0,0,0,0,0,0,0,0,FixedSequence_expert_DiscreteMLP_m6
0,0,0,0,0,6,0,0,0,0,0,0,0,0,0,0,0,0,0,3,0,0,0,0,0,0,102,0,0,0,159,114,607,0,0,0,0,0,0,0,0,0,0,0,0,0,0,0,0,0,0,0,0,1,1,0,0,0,0,0,2,5,0,0,0,0,0,0,0,0,0,0,0,0,0,0,ZigZag_agent_DiscreteLSTM_m6
1,0,0,0,2,101,0,0,0,0,4,0,0,0,0,0,0,4,0,69,0,0,0,0,0,0,2,0,0,2,131,67,531,0,0,0,0,1,7,0,0,0,2,0,0,0,2,6,0,0,0,0,0,0,0,0,0,0,0,6,0,10,0,1,1,0,16,7,20,0,0,6,1,0,0,0,ZigZag_expert_DiscreteLSTM_m6
0,0,0,0,0,0,0,0,0,0,0,0,0,0,0,0,0,0,0,0,0,0,0,0,0,0,0,0,0,0,0,500,500,0,0,0,0,0,0,0,0,0,0,0,0,0,0,0,0,0,0,0,0,0,0,0,0,0,0,0,0,0,0,0,0,0,0,0,0,0,0,0,0,0,0,0,ZigZag_agent_DiscreteMLP_m6
4,0,0,0,2,138,1,0,0,0,8,0,0,0,0,0,0,1,0,68,0,1,0,0,0,0,2,0,0,2,97,69,535,0,4,2,0,2,14,0,0,0,0,0,0,0,0,0,0,0,0,0,0,0,0,2,0,0,0,4,0,7,1,0,2,0,8,3,15,0,4,4,0,0,0,0,ZigZag_expert_DiscreteMLP_m6
0,0,0,0,0,6,0,0,0,0,0,0,0,0,0,0,0,0,0,0,0,0,0,0,0,0,0,0,0,0,0,2,15,0,0,0,0,0,0,0,0,0,0,0,0,0,0,0,0,0,0,0,0,1,485,0,0,0,0,0,2,489,0,0,0,0,0,0,0,0,0,0,0,0,0,0,SmartRandom_agent_DiscreteLSTM_m6
0,0,0,0,0,66,0,0,0,0,0,0,0,0,0,0,0,0,58,92,0,0,0,0,0,0,0,0,0,10,82,116,560,0,0,0,0,0,0,0,0,0,1,0,0,0,0,1,0,0,0,0,0,1,1,0,0,0,0,0,5,7,0,0,0,0,0,0,0,0,0,0,0,0,0,0,SmartRandom_expert_DiscreteLSTM_m6
0,0,0,0,0,0,0,0,0,0,0,0,0,0,0,0,0,0,0,0,0,0,0,0,0,0,0,0,0,0,0,500,500,0,0,0,0,0,0,0,0,0,0,0,0,0,0,0,0,0,0,0,0,0,0,0,0,0,0,0,0,0,0,0,0,0,0,0,0,0,0,0,0,0,0,0,SmartRandom_agent_DiscreteMLP_m6
0,0,0,0,0,101,0,0,0,0,0,0,0,0,0,0,0,0,36,101,0,0,0,0,0,0,0,0,0,1,100,105,522,0,0,0,0,0,0,0,0,0,1,0,0,0,0,3,0,0,0,0,0,4,1,0,0,0,0,0,9,4,0,0,0,0,0,10,1,0,0,0,1,0,0,0,SmartRandom_expert_DiscreteMLP_m6
0,0,0,0,1,7,0,0,0,0,977,0,0,0,0,0,0,0,0,0,0,0,0,0,0,0,0,0,0,0,0,15,0,0,0,0,0,0,0,0,0,0,0,0,0,0,0,0,0,0,0,0,0,0,0,0,0,0,0,0,0,0,0,0,0,0,0,0,0,0,0,0,0,0,0,0,WallFollower_agent_DiscreteMLP_m6
8,0,0,0,9,238,0,0,0,0,18,0,0,0,0,0,0,8,0,224,0,8,0,0,0,0,0,0,0,8,200,239,0,0,0,0,0,0,0,0,0,0,0,0,0,0,8,0,0,0,0,0,0,0,0,0,0,0,0,0,0,0,0,0,0,0,32,0,0,0,0,0,0,0,0,0,WallFollower_expert_DiscreteMLP_m6
8,0,0,0,9,238,0,0,0,0,18,0,0,0,0,0,0,8,0,224,0,8,0,0,0,0,0,0,0,8,200,239,0,0,0,0,0,0,0,0,0,0,0,0,0,0,8,0,0,0,0,0,0,0,0,0,0,0,0,0,0,0,0,0,0,0,32,0,0,0,0,0,0,0,0,0,WallFollower_agent_DiscreteLSTM_m6
8,0,0,0,9,238,0,0,0,0,18,0,0,0,0,0,0,8,0,224,0,8,0,0,0,0,0,0,0,8,200,239,0,0,0,0,0,0,0,0,0,0,0,0,0,0,8,0,0,0,0,0,0,0,0,0,0,0,0,0,0,0,0,0,0,0,32,0,0,0,0,0,0,0,0,0,WallFollower_expert_DiscreteLSTM_m6
0,0,0,0,0,13,0,0,0,0,0,0,0,0,0,0,0,433,0,4,0,0,0,0,0,0,0,0,0,2,74,1,12,0,0,0,0,0,0,0,0,0,0,0,0,0,0,0,0,0,0,0,0,0,0,0,0,0,0,0,8,440,1,0,0,0,8,0,4,0,0,0,0,0,0,0,Random_agent_DiscreteLSTM_m6
0,0,0,0,0,63,0,0,0,0,0,0,0,0,0,0,0,0,0,34,0,0,0,0,0,0,0,0,0,0,60,145,499,0,0,0,0,0,0,0,0,0,1,0,0,0,18,19,0,0,0,0,0,1,0,0,0,0,0,4,75,50,0,0,0,0,13,0,18,0,0,0,0,0,0,0,Random_expert_DiscreteLSTM_m6
0,0,0,0,0,0,0,0,0,0,0,0,0,0,0,0,0,0,0,0,0,0,0,0,0,0,0,0,0,0,0,1000,0,0,0,0,0,0,0,0,0,0,0,0,0,0,0,0,0,0,0,0,0,0,0,0,0,0,0,0,0,0,0,0,0,0,0,0,0,0,0,0,0,0,0,0,Random_agent_DiscreteMLP_m6
0,0,0,0,0,81,1,0,0,0,0,0,0,0,0,0,0,0,0,82,0,0,0,0,0,0,0,0,0,0,104,53,517,0,0,0,0,0,0,0,0,0,2,0,0,0,0,4,0,0,0,0,0,1,0,0,0,0,0,2,76,56,5,0,0,0,1,0,15,0,0,0,0,0,0,0,Random_expert_DiscreteMLP_m6
282,0,0,0,3,81,0,0,0,0,6,0,0,0,0,0,0,4,0,393,0,4,0,0,0,0,0,0,0,4,101,101,0,0,0,0,0,0,0,0,0,0,0,0,0,0,5,0,0,0,0,0,0,0,0,0,0,0,0,0,0,0,0,0,0,0,16,0,0,0,0,0,0,0,0,0,StraightLine_agent_DiscreteLSTM_m6
10,0,0,0,7,319,0,0,0,0,24,0,0,0,0,0,0,9,0,224,0,8,0,0,0,0,0,0,0,6,243,85,7,0,0,0,0,0,0,0,0,0,0,0,0,0,3,0,0,0,0,0,0,0,0,0,0,0,0,0,6,6,1,0,0,0,40,0,2,0,0,0,0,0,0,0,StraightLine_expert_DiscreteLSTM_m6
0,0,0,0,493,0,0,0,0,0,0,0,0,0,0,0,0,0,0,0,0,0,0,0,0,0,0,0,0,0,0,507,0,0,0,0,0,0,0,0,0,0,0,0,0,0,0,0,0,0,0,0,0,0,0,0,0,0,0,0,0,0,0,0,0,0,0,0,0,0,0,0,0,0,0,0,StraightLine_agent_DiscreteMLP_m6
9,0,0,0,6,162,0,0,0,0,12,0,0,0,0,0,0,10,0,332,0,11,0,0,0,0,0,0,0,8,225,182,0,0,0,0,0,0,0,0,0,0,0,0,0,0,7,0,0,0,0,0,0,0,0,0,0,0,0,0,0,0,0,0,0,0,36,0,0,0,0,0,0,0,0,0,StraightLine_expert_DiscreteMLP_m6
0,0,0,0,0,0,0,0,0,0,0,0,0,0,0,0,0,0,0,0,0,0,0,0,0,0,0,0,0,493,492,14,0,0,0,0,0,0,0,0,0,0,0,0,0,0,1,0,0,0,0,0,0,0,0,0,0,0,0,0,0,0,0,0,0,0,0,0,0,0,0,0,0,0,0,0,SmartStraightLine_agent_DiscreteMLP_m6
9,0,0,0,7,223,0,0,0,0,1,0,0,0,0,0,0,7,24,340,0,0,0,0,0,6,0,0,0,6,110,218,25,0,0,3,0,5,2,0,0,1,1,0,0,0,1,3,0,0,0,0,0,1,1,0,0,0,0,0,2,4,0,0,0,0,0,0,0,0,0,0,0,0,0,0,SmartStraightLine_expert_DiscreteMLP_m6
0,0,0,0,0,20,0,0,0,0,1,0,0,0,0,0,0,15,9,2,0,0,0,0,0,6,0,0,0,15,887,8,8,0,0,3,0,5,2,0,0,1,1,0,0,0,1,3,0,0,0,0,0,1,1,0,0,0,0,0,5,6,0,0,0,0,0,0,0,0,0,0,0,0,0,0,SmartStraightLine_agent_DiscreteLSTM_m6
8,0,0,0,8,190,1,0,0,0,1,0,0,0,0,0,0,8,23,302,0,1,1,1,0,2,4,0,0,6,159,240,18,0,0,0,0,0,2,0,0,1,0,0,0,0,0,0,0,0,0,0,0,3,0,0,0,0,0,0,7,0,0,0,0,0,1,10,2,0,0,0,1,0,0,0,SmartStraightLine_expert_DiscreteLSTM_m6
0,0,0,0,0,5,0,0,0,0,0,0,0,0,0,0,0,0,9,9,0,0,0,0,0,0,0,0,0,3,941,2,14,0,0,0,0,0,0,0,0,0,1,0,0,0,0,3,0,0,0,0,0,1,1,0,0,0,0,0,5,6,0,0,0,0,0,0,0,0,0,0,0,0,0,0,SmartRandomExplorer_agent_DiscreteLSTM_m6
0,0,0,0,12,130,0,0,0,0,0,0,0,0,0,0,0,0,21,61,0,0,0,0,0,0,0,0,0,0,52,150,554,0,0,0,0,0,0,0,0,0,1,0,0,0,1,3,0,0,0,0,0,1,1,0,0,0,0,0,5,8,0,0,0,0,0,0,0,0,0,0,0,0,0,0,SmartRandomExplorer_expert_DiscreteLSTM_m6
0,0,0,0,0,990,0,0,0,0,0,0,0,0,0,0,0,0,0,0,0,0,0,0,0,0,0,0,0,0,0,5,0,0,0,0,0,0,0,0,0,0,1,0,0,0,1,3,0,0,0,0,0,0,0,0,0,0,0,0,0,0,0,0,0,0,0,0,0,0,0,0,0,0,0,0,SmartRandomExplorer_agent_DiscreteMLP_m6
0,0,0,0,8,96,1,0,0,0,0,0,0,0,0,0,0,0,28,76,0,1,0,1,0,1,2,0,0,0,37,146,600,0,0,0,0,0,0,0,0,0,0,0,0,0,0,0,0,0,0,0,0,0,0,1,0,0,0,0,0,0,0,1,1,0,0,0,0,0,0,0,0,0,0,0,SmartRandomExplorer_expert_DiscreteMLP_m6
